{"type":"FeatureCollection","name":"Lake Tangipahoa smoothed and estimated depth contours","metadata":{"source_url":"https://www.mdwfp.com/sites/default/files/2024-05/lake-tangipahoa-2016.pdf","source_date":"2016-10","source_sha256":"8e23f4cf2d615038142c8c656bda8df5aafe0ffc5e14ea68cd251d5eac9be637","generated_by":"scripts/extract-contours.py","depth_unit":"feet","contours_ft":[4,6,8,10,12,14,16],"published_contours_ft":[4,8,12,16],"estimated_contours_ft":[6,10,14],"method":"Gaussian-smoothed signed distances to nested depth bands; intermediate levels are zero contours of averaged adjacent fields. Land is masked; no extrapolation beyond 16 ft.","source_crs":"NAD83(HARN) / Mississippi TM","output_crs":"EPSG:4326","georeferencing":"Main Lake viewport ISO 32000 GPTS/LPTS; least-squares affine in the embedded projected CRS, then datum transformation to WGS84.","source_raster_pixel_size_m":[1.241,1.241],"control_fit_max_residual_m":0.199,"simplification_tolerance_m":0.15,"smoothing_sigma_m":4.0,"limitations":"Historical 2016 depth bands, smoothed for display. 6, 10 and 14 ft lines are distance-based estimates, not surveyed depths. Smoothing may remove small features and shift lines. Source survey accuracy and water-surface datum are unspecified. No 18 or 20 ft contours: the source has no 20 ft boundary to support interpolation."},"features":[{"type":"Feature","properties":{"id":"depth-4-001","depth_ft":4,"estimated":false,"length_m":7957.2,"source_date":"2016-10","source":"MDWFP Lake Tangipahoa depth map","method":"Published depth-band boundary, smoothed using a signed-distance field"},"geometry":{"type":"LineString","coordinates":[[-90.5245336,31.1802388],[-90.5244684,31.180222],[-90.5244163,31.1802157],[-90.5243772,31.180218],[-90.5243122,31.1802337],[-90.5242862,31.1802363],[-90.5242602,31.1802342],[-90.524208,31.1802254],[-90.5241689,31.1802248],[-90.5241169,31.1802319],[-90.5239935,31.1802644],[-90.523974,31.1802723],[-90.5239481,31.1802869],[-90.5238316,31.1803752],[-90.5237539,31.180427],[-90.5237198,31.1804565],[-90.5236635,31.1805215],[-90.5236377,31.1805449],[-90.5236118,31.1805624],[-90.5235339,31.180599],[-90.5235101,31.1806145],[-90.5234864,31.1806371],[-90.5234371,31.1806933],[-90.5234047,31.1807171],[-90.5233787,31.1807278],[-90.5233268,31.1807438],[-90.5232749,31.1807657],[-90.5232619,31.1807682],[-90.5232489,31.1807684],[-90.5232228,31.1807628],[-90.5231575,31.1807378],[-90.5231314,31.180731],[-90.5231053,31.1807286],[-90.5230793,31.180731],[-90.5230533,31.1807388],[-90.5230403,31.1807451],[-90.5229626,31.1807947],[-90.5228978,31.1808298],[-90.5228588,31.1808422],[-90.5227678,31.1808559],[-90.5227425,31.1808655],[-90.5227289,31.1808736],[-90.5226997,31.1808994],[-90.5226749,31.1809331],[-90.5226036,31.1811015],[-90.5225941,31.1811352],[-90.5225889,31.1811688],[-90.5225882,31.1811912],[-90.5225924,31.1812472],[-90.5225908,31.1812808],[-90.5225858,31.1813032],[-90.5225718,31.1813369],[-90.5225506,31.1813743],[-90.5225228,31.1814156],[-90.5224561,31.1814943],[-90.5224217,31.1815269],[-90.5224006,31.1815395],[-90.5223828,31.181547],[-90.5223178,31.1815658],[-90.5222529,31.1815929],[-90.5222269,31.1815965],[-90.5222139,31.1815951],[-90.5222008,31.1815915],[-90.5221747,31.1815796],[-90.5220569,31.1815069],[-90.5220046,31.1814808],[-90.5219654,31.1814671],[-90.521861,31.1814376],[-90.5218219,31.1814331],[-90.5217959,31.181438],[-90.521731,31.1814656],[-90.521692,31.1814713],[-90.5216269,31.1814695],[-90.5215356,31.1814585],[-90.5215096,31.1814595],[-90.5214316,31.1814692],[-90.5214055,31.1814688],[-90.5213404,31.1814618],[-90.5213143,31.1814621],[-90.5212883,31.1814658],[-90.5212363,31.1814786],[-90.5211584,31.1815052],[-90.5210924,31.181525],[-90.5209765,31.1815493],[-90.5208725,31.1815763],[-90.5207816,31.1816105],[-90.5207557,31.1816239],[-90.5207346,31.1816391],[-90.5207143,31.1816616],[-90.5206859,31.1817066],[-90.5206654,31.1817335],[-90.5206079,31.1817855],[-90.5205503,31.181853],[-90.5204894,31.1819093],[-90.5204021,31.1819995],[-90.5203823,31.182022],[-90.5203685,31.1820432],[-90.520348,31.1820894],[-90.5203098,31.1822016],[-90.520295,31.1822353],[-90.5202662,31.1822792],[-90.5202273,31.1823253],[-90.5202079,31.182359],[-90.5202009,31.1823814],[-90.5201898,31.1824375],[-90.5201766,31.1824732],[-90.5201513,31.1825161],[-90.5201001,31.1825836],[-90.5200814,31.1826173],[-90.5200739,31.1826397],[-90.52007,31.1826621],[-90.5200674,31.1827517],[-90.520064,31.1827854],[-90.5200562,31.1828078],[-90.5200492,31.1828183],[-90.5200363,31.1828296],[-90.5200233,31.1828361],[-90.5199973,31.1828429],[-90.5199713,31.1828448],[-90.5199322,31.1828413],[-90.5198539,31.1828154],[-90.5198278,31.1828142],[-90.5198054,31.1828205],[-90.5197889,31.1828303],[-90.519768,31.1828543],[-90.5197466,31.1828993],[-90.5197127,31.182989],[-90.5196606,31.1830658],[-90.5196478,31.1830935],[-90.5196374,31.1831239],[-90.5196312,31.1831575],[-90.5196264,31.1832359],[-90.5196184,31.183292],[-90.5195723,31.1834938],[-90.5195604,31.1836059],[-90.5195548,31.1836283],[-90.5195457,31.1836507],[-90.5195352,31.1836663],[-90.5195158,31.1836845],[-90.5194575,31.1837205],[-90.5194318,31.183741],[-90.519412,31.1837635],[-90.519397,31.183786],[-90.5193782,31.1838197],[-90.5193646,31.1838534],[-90.5193603,31.1838758],[-90.5193558,31.183943],[-90.5193424,31.1839803],[-90.5192706,31.1840891],[-90.5192349,31.1841565],[-90.5191968,31.1842127],[-90.519124,31.1843408],[-90.5190157,31.1844938],[-90.5189696,31.1845694],[-90.5189477,31.184595],[-90.518905,31.1846356],[-90.5188403,31.1846869],[-90.5188178,31.1847077],[-90.5187887,31.1847444],[-90.5187626,31.1847865],[-90.5187537,31.1848089],[-90.5187489,31.1848313],[-90.518745,31.1849097],[-90.5187334,31.184977],[-90.5187328,31.1850106],[-90.5187377,31.185033],[-90.518769,31.1851336],[-90.5188054,31.1852035],[-90.5188489,31.185301],[-90.5188565,31.1853346],[-90.5188554,31.1853458],[-90.5188508,31.185357],[-90.5188328,31.1853722],[-90.5188069,31.1853809],[-90.5187158,31.1853959],[-90.5186898,31.185398],[-90.5186638,31.1853964],[-90.5186507,31.185393],[-90.5186376,31.1853865],[-90.5186245,31.1853761],[-90.5185872,31.1853362],[-90.5185589,31.1853178],[-90.5185328,31.1853107],[-90.5185198,31.18531],[-90.5184938,31.1853131],[-90.5184678,31.1853235],[-90.5184502,31.185337],[-90.5184406,31.1853483],[-90.5184148,31.1853932],[-90.5183986,31.1854157],[-90.5183769,31.1854383],[-90.5183517,31.1854589],[-90.5183297,31.1854721],[-90.5183128,31.1854793],[-90.5182478,31.1854937],[-90.5182219,31.1855024],[-90.5181992,31.1855177],[-90.5181827,31.1855402],[-90.5181735,31.1855627],[-90.5181464,31.1856524],[-90.5181253,31.1857421],[-90.5180813,31.1858992],[-90.518077,31.1859328],[-90.5180752,31.1860224],[-90.5180723,31.186056],[-90.5180614,31.1861232],[-90.5180437,31.1861905],[-90.5180412,31.1862241],[-90.5180475,31.1862465],[-90.518061,31.1862688],[-90.5181334,31.186358],[-90.5181639,31.1863851],[-90.5182163,31.1864188],[-90.5182294,31.1864307],[-90.5182425,31.1864474],[-90.5182775,31.1865139],[-90.518289,31.1865474],[-90.5182896,31.1865698],[-90.5182783,31.1866035],[-90.5182571,31.1866375],[-90.5182313,31.186668],[-90.518214,31.1866822],[-90.5181618,31.1867161],[-90.5181505,31.1867274],[-90.5181352,31.1867499],[-90.5180895,31.1868492],[-90.5180356,31.1869856],[-90.5180004,31.1870978],[-90.517983,31.1871315],[-90.5179618,31.1871605],[-90.517923,31.1871969],[-90.5178454,31.1872536],[-90.5178195,31.1872762],[-90.5177036,31.1874132],[-90.5176776,31.1874387],[-90.5176517,31.1874558],[-90.5176387,31.1874608],[-90.5175867,31.1874686],[-90.5175607,31.1874777],[-90.5175348,31.187497],[-90.5174804,31.1875489],[-90.5174067,31.1876053],[-90.5173829,31.1876279],[-90.5173673,31.1876504],[-90.5173527,31.1877064],[-90.5173413,31.1877235],[-90.5173215,31.1877402],[-90.5172765,31.1877667],[-90.5172506,31.1877848],[-90.5172156,31.1878192],[-90.5172083,31.1878305],[-90.5171996,31.1878529],[-90.5171967,31.1878865],[-90.5172047,31.1879313],[-90.5172348,31.1880207],[-90.517236,31.1880431],[-90.5172272,31.1880543],[-90.5172137,31.1880531],[-90.5171746,31.1880411],[-90.5171355,31.1880334],[-90.5170964,31.188031],[-90.5170703,31.1880333],[-90.5170444,31.1880407],[-90.5170204,31.1880556],[-90.5170056,31.188075],[-90.5170008,31.1880893],[-90.5170021,31.1881117],[-90.517007,31.1881228],[-90.5170153,31.188134],[-90.5170322,31.1881485],[-90.5170928,31.1881895],[-90.5171122,31.1882118],[-90.5171172,31.188223],[-90.5171206,31.1882453],[-90.5171172,31.1883013],[-90.5171199,31.1883125],[-90.5171278,31.1883237],[-90.5171378,31.1883296],[-90.5171639,31.188334],[-90.517229,31.1883302],[-90.5172681,31.1883324],[-90.5172942,31.1883402],[-90.5173127,31.1883562],[-90.5173185,31.1883673],[-90.517324,31.1883897],[-90.5173261,31.1884569],[-90.517322,31.1884905],[-90.5173064,31.1885578],[-90.5172994,31.1886586],[-90.5172834,31.1887371],[-90.5172846,31.1887645],[-90.5172922,31.188793],[-90.5173204,31.1888488],[-90.5173483,31.1888935],[-90.5173771,31.1889257],[-90.5174033,31.1889476],[-90.5174164,31.1889551],[-90.5174294,31.1889594],[-90.5174425,31.188961],[-90.5174945,31.1889601],[-90.5175206,31.188965],[-90.5175621,31.1889818],[-90.5175809,31.1889928],[-90.5175991,31.189008],[-90.5176121,31.1890262],[-90.517618,31.1890486],[-90.5176164,31.1890822],[-90.5176082,31.1891159],[-90.5175986,31.1891383],[-90.5175604,31.1891945],[-90.5175302,31.1892507],[-90.5175101,31.1892728],[-90.5174971,31.1892801],[-90.5174711,31.1892859],[-90.517406,31.1892823],[-90.5173409,31.1892896],[-90.5173149,31.1892881],[-90.5172758,31.1892816],[-90.5172497,31.1892812],[-90.5172237,31.1892857],[-90.5171847,31.1892966],[-90.5170622,31.1893431],[-90.5170419,31.1893531],[-90.5170232,31.1893657],[-90.5169982,31.1893883],[-90.5169834,31.1894108],[-90.5169768,31.1894332],[-90.5169759,31.1894556],[-90.5169834,31.1894891],[-90.5169911,31.1895044],[-90.5170042,31.189522],[-90.5170305,31.1895429],[-90.5170566,31.1895522],[-90.5170826,31.1895544],[-90.5171347,31.1895529],[-90.5171867,31.1895414],[-90.5172127,31.1895385],[-90.5172388,31.1895435],[-90.517278,31.1895573],[-90.5173041,31.189562],[-90.5173431,31.1895603],[-90.5174212,31.1895472],[-90.5174472,31.1895516],[-90.5174603,31.189559],[-90.5174997,31.1895995],[-90.5175522,31.1896428],[-90.5175653,31.1896584],[-90.5175749,31.189676],[-90.5175813,31.1896983],[-90.5175841,31.1897207],[-90.5175877,31.1899222],[-90.5175938,31.189967],[-90.5176033,31.1899893],[-90.5176226,31.1900116],[-90.5176464,31.1900258],[-90.5176725,31.1900332],[-90.5176986,31.1900353],[-90.5177246,31.1900334],[-90.517763,31.190022],[-90.5177895,31.1900067],[-90.517882,31.1899429],[-90.5179053,31.1899203],[-90.5179447,31.189876],[-90.518005,31.1898189],[-90.5181026,31.189684],[-90.5181253,31.1896578],[-90.5181482,31.1896389],[-90.5181771,31.1896269],[-90.5182031,31.1896245],[-90.5182258,31.1896273],[-90.5182423,31.1896318],[-90.5182684,31.1896454],[-90.5182815,31.1896572],[-90.5182921,31.1896716],[-90.5183221,31.1897387],[-90.5183357,31.189761],[-90.5183539,31.1897833],[-90.5183739,31.1898018],[-90.5183944,31.1898166],[-90.5184713,31.1898609],[-90.5184914,31.1898832],[-90.5185015,31.1899055],[-90.5185244,31.1899838],[-90.5185527,31.1900508],[-90.5185715,31.1900793],[-90.5186114,31.1901176],[-90.5186257,31.19014],[-90.5186286,31.1901511],[-90.5186288,31.1901735],[-90.5186154,31.1902744],[-90.5186,31.1903417],[-90.5185963,31.1903753],[-90.5185964,31.1904761],[-90.5186009,31.1904987],[-90.518614,31.1905127],[-90.5186271,31.1905135],[-90.51864,31.1905081],[-90.518653,31.1904982],[-90.5187175,31.1904286],[-90.5187433,31.1903968],[-90.5187775,31.1903406],[-90.5188238,31.1902507],[-90.5188503,31.1901834],[-90.5188587,31.1901719],[-90.5188717,31.190164],[-90.5188977,31.1901607],[-90.5189629,31.1901683],[-90.519002,31.1901768],[-90.5190934,31.1902042],[-90.5191183,31.1902154],[-90.5191346,31.1902265],[-90.5191464,31.1902376],[-90.5191605,31.1902599],[-90.5191636,31.1902711],[-90.5191632,31.1902935],[-90.5191207,31.1904169],[-90.5190876,31.1904955],[-90.5190312,31.1906414],[-90.5189806,31.1907514],[-90.5189167,31.1909007],[-90.5188994,31.1909334],[-90.5188781,31.1909636],[-90.5188163,31.1910235],[-90.5187878,31.1910602],[-90.5187438,31.1911359],[-90.5186938,31.1912146],[-90.5186759,31.1912483],[-90.5186634,31.1912819],[-90.5186593,31.1913044],[-90.5186486,31.1914276],[-90.518649,31.19145],[-90.5186549,31.1914947],[-90.5186537,31.1915172],[-90.518647,31.1915396],[-90.5186113,31.191607],[-90.5185877,31.1916631],[-90.5185769,31.1916968],[-90.5185753,31.1917192],[-90.5185807,31.1917416],[-90.5185947,31.1917639],[-90.5186113,31.1917804],[-90.5186637,31.1918223],[-90.5186769,31.1918372],[-90.5186859,31.1918529],[-90.5186927,31.1918753],[-90.5186954,31.1918976],[-90.5186933,31.1919536],[-90.5186851,31.1919873],[-90.5186603,31.1920546],[-90.5186114,31.1921557],[-90.5185922,31.1922118],[-90.5185654,31.1922791],[-90.5185451,31.1923465],[-90.518489,31.1924812],[-90.5184676,31.1925149],[-90.5184049,31.1925825],[-90.5183487,31.1926612],[-90.5182975,31.1927399],[-90.5182798,31.1927736],[-90.5182711,31.192796],[-90.5182637,31.1928297],[-90.5182557,31.1929018],[-90.5182338,31.193009],[-90.5182344,31.1931098],[-90.5182392,31.1931322],[-90.5182484,31.1931545],[-90.5182614,31.1931768],[-90.5182911,31.1932102],[-90.5183063,31.1932213],[-90.5183235,31.1932292],[-90.5183365,31.193232],[-90.5183626,31.1932295],[-90.5183755,31.1932241],[-90.5183885,31.1932156],[-90.5184143,31.193188],[-90.5184804,31.1930971],[-90.5184901,31.1930747],[-90.5184949,31.1930522],[-90.518498,31.1928843],[-90.5185031,31.1928506],[-90.5185115,31.1928282],[-90.5185284,31.1928036],[-90.5185781,31.1927606],[-90.5185977,31.1927381],[-90.5186884,31.192592],[-90.5187214,31.1925126],[-90.51876,31.1924348],[-90.5188292,31.1922664],[-90.5189091,31.1921203],[-90.5189306,31.192053],[-90.5189476,31.1920193],[-90.5189776,31.1919814],[-90.5190034,31.1919632],[-90.5190294,31.1919565],[-90.5190685,31.1919549],[-90.5190945,31.1919506],[-90.5191162,31.1919399],[-90.5191334,31.1919247],[-90.5191849,31.1918499],[-90.5192332,31.19176],[-90.5193104,31.1916252],[-90.5193316,31.1915915],[-90.5193643,31.1915465],[-90.5193819,31.1915128],[-90.519403,31.1914499],[-90.5194198,31.191367],[-90.519437,31.1912997],[-90.5194392,31.1912661],[-90.5194354,31.1912101],[-90.5194517,31.191098],[-90.5194518,31.1910532],[-90.5194475,31.1910309],[-90.5194387,31.1910085],[-90.5194163,31.1909751],[-90.5193944,31.1909528],[-90.5193466,31.1909154],[-90.5193232,31.190886],[-90.5192728,31.1907855],[-90.5192676,31.1907632],[-90.5192681,31.190752],[-90.5192764,31.1907295],[-90.5192928,31.190707],[-90.5193141,31.1906845],[-90.5193635,31.1906394],[-90.5193923,31.1906057],[-90.5194134,31.1905719],[-90.5194603,31.1904835],[-90.5194732,31.1904681],[-90.5194861,31.1904591],[-90.5194991,31.1904555],[-90.5195121,31.1904561],[-90.5195774,31.1904784],[-90.5196035,31.1904828],[-90.5196556,31.1904858],[-90.5196817,31.1904922],[-90.5196948,31.1905018],[-90.5197034,31.1905142],[-90.5197285,31.1905924],[-90.5197413,31.1906148],[-90.5197479,31.1906217],[-90.519761,31.1906294],[-90.5197871,31.1906337],[-90.5198522,31.1906323],[-90.5198782,31.1906296],[-90.5198956,31.190625],[-90.5199171,31.190615],[-90.5199453,31.1905911],[-90.5199945,31.1905239],[-90.5200074,31.1905095],[-90.5200204,31.1904987],[-90.5200463,31.1904853],[-90.5200853,31.1904775],[-90.5201374,31.1904791],[-90.5201635,31.1904777],[-90.5201894,31.1904693],[-90.5202283,31.190447],[-90.5202543,31.190439],[-90.5202803,31.1904383],[-90.5203455,31.1904476],[-90.5203716,31.1904464],[-90.5203975,31.1904389],[-90.5204365,31.1904212],[-90.5204495,31.1904176],[-90.5204625,31.1904163],[-90.5205146,31.1904187],[-90.5205276,31.1904163],[-90.5205665,31.1904031],[-90.5205926,31.1903995],[-90.5206056,31.1904021],[-90.5206187,31.190409],[-90.5206371,31.1904302],[-90.5206714,31.1904856],[-90.5206845,31.1904959],[-90.5207106,31.1905054],[-90.5207237,31.1905192],[-90.5207281,31.1905416],[-90.5207286,31.1905976],[-90.5207324,31.19062],[-90.5207437,31.1906423],[-90.5207695,31.1906757],[-90.5207773,31.1906947],[-90.5207817,31.1907205],[-90.5207841,31.1908324],[-90.5207814,31.190866],[-90.520768,31.1909333],[-90.5207673,31.1909557],[-90.5207718,31.1909781],[-90.5207797,31.190994],[-90.520806,31.1910278],[-90.5208166,31.191045],[-90.5208455,31.191112],[-90.520859,31.1911355],[-90.5208721,31.1911509],[-90.5208853,31.1911609],[-90.5209245,31.1911816],[-90.5209315,31.1911899],[-90.5209359,31.1912011],[-90.5209367,31.1912234],[-90.5209192,31.1913355],[-90.5209079,31.1913692],[-90.5208473,31.1914815],[-90.5208117,31.1915601],[-90.5207708,31.1916276],[-90.5207108,31.1917623],[-90.520588,31.1919982],[-90.5205669,31.1920451],[-90.5205212,31.1921778],[-90.5205157,31.1922002],[-90.520517,31.1922226],[-90.5205237,31.1922338],[-90.5205424,31.1922446],[-90.5205555,31.1922467],[-90.5205815,31.1922457],[-90.5206075,31.19224],[-90.5206335,31.1922305],[-90.5206724,31.1922099],[-90.5207631,31.1921496],[-90.5208648,31.1920749],[-90.5208795,31.1920618],[-90.5208957,31.1920411],[-90.5209128,31.1920075],[-90.5209277,31.1919626],[-90.5209349,31.1919177],[-90.5209378,31.1918505],[-90.5209421,31.1918169],[-90.5209735,31.1917047],[-90.5209854,31.1916711],[-90.5210472,31.1915251],[-90.5210912,31.1914353],[-90.5211364,31.1913566],[-90.5211802,31.1912668],[-90.5212111,31.1911922],[-90.521228,31.1911657],[-90.5212368,31.1911565],[-90.5212498,31.1911497],[-90.5212628,31.191149],[-90.5212759,31.1911534],[-90.521289,31.1911613],[-90.5213283,31.1911928],[-90.5213808,31.1912431],[-90.521407,31.1912613],[-90.5214462,31.1912797],[-90.5214593,31.1912911],[-90.5214849,31.1913209],[-90.5214987,31.1913278],[-90.5215117,31.1913293],[-90.5215247,31.1913274],[-90.5215767,31.1913131],[-90.5216417,31.1913012],[-90.5217197,31.1912812],[-90.5217847,31.1912732],[-90.5218238,31.1912734],[-90.5218369,31.1912776],[-90.5218631,31.1912967],[-90.5218818,31.1913073],[-90.5219023,31.1913116],[-90.5219413,31.1913147],[-90.5219544,31.1913186],[-90.5219701,31.1913292],[-90.522008,31.1913737],[-90.522023,31.1913849],[-90.5220449,31.1913959],[-90.5221376,31.1914235],[-90.5222159,31.1914506],[-90.5222551,31.1914571],[-90.5222811,31.1914563],[-90.5223071,31.1914499],[-90.522346,31.1914345],[-90.522372,31.1914267],[-90.522411,31.1914227],[-90.5224368,31.1914271],[-90.5224502,31.1914354],[-90.52246,31.1914494],[-90.5224646,31.1914718],[-90.5224656,31.1915166],[-90.5224727,31.1915389],[-90.5224807,31.1915501],[-90.5224903,31.1915583],[-90.5225034,31.1915646],[-90.5225164,31.1915672],[-90.5225294,31.191567],[-90.5225424,31.1915646],[-90.5225684,31.1915553],[-90.5226203,31.1915286],[-90.5226851,31.1914877],[-90.522711,31.1914745],[-90.522737,31.1914674],[-90.52275,31.1914669],[-90.5227671,31.1914699],[-90.5227886,31.191481],[-90.5227993,31.1914921],[-90.5228056,31.1915033],[-90.52281,31.1915257],[-90.5228092,31.1915369],[-90.5228025,31.1915593],[-90.5227672,31.1916267],[-90.5227516,31.1916672],[-90.5227464,31.191694],[-90.522748,31.1917052],[-90.522752,31.1917101],[-90.522765,31.1917089],[-90.522778,31.1917014],[-90.5228038,31.1916777],[-90.5228572,31.191615],[-90.5229071,31.1915629],[-90.5229458,31.1915185],[-90.523036,31.1914003],[-90.5230583,31.1913786],[-90.5230765,31.1913673],[-90.5231007,31.1913604],[-90.5231138,31.1913605],[-90.5231268,31.1913639],[-90.5231399,31.1913724],[-90.5231506,31.1913892],[-90.5231522,31.1914004],[-90.5231506,31.1914116],[-90.523124,31.1914678],[-90.5231147,31.1915014],[-90.523117,31.1915238],[-90.5231229,31.191535],[-90.5231414,31.1915497],[-90.5231675,31.1915564],[-90.5233107,31.1915612],[-90.5233758,31.1915593],[-90.5234149,31.1915536],[-90.5235578,31.1915125],[-90.5236879,31.1914928],[-90.5237658,31.1914731],[-90.5238308,31.1914607],[-90.5238698,31.1914453],[-90.5239087,31.1914238],[-90.5239332,31.1914069],[-90.5240339,31.1913279],[-90.5240562,31.1913054],[-90.5240632,31.1912941],[-90.5240661,31.1912829],[-90.524064,31.1912717],[-90.5240382,31.1912383],[-90.5240355,31.1912271],[-90.5240391,31.1912159],[-90.5240501,31.1912046],[-90.5240712,31.1911933],[-90.5240891,31.1911871],[-90.52418,31.191163],[-90.5242969,31.1911277],[-90.5243335,31.1911133],[-90.5243526,31.191102],[-90.5243656,31.1910907],[-90.5243826,31.1910682],[-90.5244345,31.1909783],[-90.5244517,31.1909374],[-90.5244682,31.1908773],[-90.5244744,31.1908437],[-90.5244734,31.1908213],[-90.5244674,31.190799],[-90.5244529,31.1907655],[-90.5244464,31.1907431],[-90.5244455,31.1907319],[-90.524449,31.1907095],[-90.5244654,31.1906758],[-90.5245654,31.1905167],[-90.5245782,31.1904896],[-90.5246102,31.1904062],[-90.5246138,31.1903725],[-90.5246066,31.1903166],[-90.5246076,31.1902942],[-90.5246181,31.1902381],[-90.5246371,31.1900589],[-90.524653,31.1899916],[-90.5246648,31.189922],[-90.5246743,31.1899019],[-90.5246848,31.1898906],[-90.5247035,31.1898789],[-90.5247558,31.1898566],[-90.5247716,31.1898453],[-90.5247812,31.1898311],[-90.5247836,31.1898228],[-90.5247826,31.1898116],[-90.5247783,31.1898004],[-90.5247483,31.1897558],[-90.5247414,31.1897417],[-90.5247364,31.1897223],[-90.5247387,31.1896887],[-90.5247616,31.1895878],[-90.5247843,31.1895093],[-90.5248025,31.1894308],[-90.5248167,31.1893907],[-90.5248423,31.1893417],[-90.5248881,31.1892847],[-90.5249054,31.189251],[-90.524949,31.1890827],[-90.5249684,31.1889818],[-90.5250073,31.188836],[-90.525019,31.1888136],[-90.5250282,31.1888023],[-90.5250462,31.1887862],[-90.5250721,31.1887696],[-90.525111,31.1887563],[-90.5251891,31.1887471],[-90.5252281,31.1887368],[-90.525255,31.1887225],[-90.5252949,31.1886887],[-90.52532,31.188655],[-90.5253895,31.188509],[-90.5254206,31.1884528],[-90.5254538,31.1883742],[-90.5255254,31.1882506],[-90.5255909,31.1880934],[-90.5256271,31.18797],[-90.5256349,31.1879252],[-90.5256352,31.1879028],[-90.525631,31.1878804],[-90.5256043,31.1878246],[-90.5255981,31.1878069],[-90.5255852,31.1877351],[-90.5255683,31.187668],[-90.525565,31.1876344],[-90.5255642,31.1875897],[-90.5255657,31.1875561],[-90.5255698,31.1875324],[-90.5255827,31.1875081],[-90.5255956,31.1874976],[-90.5256086,31.1874917],[-90.5256346,31.1874855],[-90.5257517,31.1874719],[-90.5257777,31.187466],[-90.5258036,31.1874564],[-90.525827,31.1874425],[-90.52584,31.1874312],[-90.5258566,31.1874087],[-90.525869,31.187375],[-90.5258957,31.1872517],[-90.5259017,31.1871509],[-90.5259132,31.1870276],[-90.525919,31.186994],[-90.5259423,31.1869],[-90.5259555,31.1868594],[-90.5259791,31.1868033],[-90.5260013,31.1867695],[-90.5260192,31.1867532],[-90.5260452,31.1867419],[-90.5260712,31.1867384],[-90.5261493,31.1867373],[-90.5262014,31.1867292],[-90.5262403,31.1867177],[-90.5263182,31.1866852],[-90.5263572,31.1866745],[-90.5264092,31.1866677],[-90.5264353,31.1866683],[-90.5264613,31.1866727],[-90.5265266,31.1866938],[-90.5265789,31.1867143],[-90.5266109,31.1867322],[-90.5266337,31.1867545],[-90.5266444,31.1867768],[-90.5266489,31.1867992],[-90.5266534,31.1869112],[-90.5266585,31.1869447],[-90.5266695,31.1869671],[-90.5266852,31.1869804],[-90.5267114,31.1869897],[-90.5267896,31.1869993],[-90.5268678,31.1870129],[-90.5269069,31.1870153],[-90.5270371,31.1870163],[-90.5270893,31.1870218],[-90.5271154,31.1870276],[-90.5271545,31.1870407],[-90.527246,31.1870846],[-90.5272852,31.1870959],[-90.5273243,31.1870963],[-90.5273503,31.1870894],[-90.5273632,31.1870832],[-90.527428,31.187035],[-90.5274927,31.1869919],[-90.5275703,31.1869303],[-90.5275839,31.1869167],[-90.5275915,31.1869055],[-90.5275979,31.186883],[-90.5275863,31.1867935],[-90.5275876,31.1867151],[-90.5275858,31.1866703],[-90.5275713,31.1865472],[-90.5275637,31.1865137],[-90.5275475,31.1864802],[-90.5275305,31.1864579],[-90.5274699,31.1864023],[-90.5274486,31.1863755],[-90.5274279,31.1863353],[-90.5274109,31.1862795],[-90.5274052,31.1862459],[-90.5274035,31.1862123],[-90.527412,31.1861227],[-90.5274126,31.1860779],[-90.5274024,31.185966],[-90.5274015,31.1859324],[-90.5274046,31.1858988],[-90.5274187,31.1858427],[-90.5274228,31.1858091],[-90.527419,31.1857083],[-90.5274191,31.1856411],[-90.5274228,31.1856187],[-90.5274385,31.1855738],[-90.5274437,31.1855514],[-90.5274575,31.1854393],[-90.527463,31.1853609],[-90.5274692,31.1853273],[-90.5274799,31.1852936],[-90.5274948,31.1852599],[-90.5275541,31.1851476],[-90.5276081,31.1850129],[-90.5276202,31.1849904],[-90.5276369,31.1849679],[-90.5276832,31.1849228],[-90.5277514,31.1848664],[-90.5277877,31.1848462],[-90.5278525,31.1848193],[-90.5279044,31.1847908],[-90.5279433,31.1847765],[-90.5280343,31.1847547],[-90.5280733,31.1847498],[-90.5281124,31.184751],[-90.5281385,31.1847561],[-90.5281588,31.1847632],[-90.52823,31.1847999],[-90.5282692,31.1848153],[-90.5283735,31.1848344],[-90.5284258,31.1848498],[-90.5284911,31.1848771],[-90.5285565,31.1849128],[-90.5285765,31.1849286],[-90.5285963,31.1849509],[-90.5286182,31.1849843],[-90.5286556,31.1850513],[-90.528675,31.1850775],[-90.5287527,31.1851627],[-90.528767,31.1851748],[-90.5287932,31.18519],[-90.5288193,31.1851974],[-90.5288323,31.1851982],[-90.5288583,31.1851943],[-90.5289362,31.1851643],[-90.5290272,31.185142],[-90.5290531,31.1851288],[-90.5290664,31.185116],[-90.5290779,31.1850935],[-90.5290836,31.1850599],[-90.5290877,31.1849255],[-90.5290835,31.1848919],[-90.5290497,31.1848249],[-90.529026,31.1847579],[-90.5290185,31.1847243],[-90.5289973,31.1845901],[-90.5289675,31.1844895],[-90.5289548,31.1844672],[-90.5289343,31.1844449],[-90.528904,31.1844205],[-90.5288521,31.1843894],[-90.5288386,31.1843791],[-90.5288288,31.1843672],[-90.5288235,31.184356],[-90.528821,31.1843448],[-90.5288214,31.1843224],[-90.528835,31.1842439],[-90.528834,31.1842215],[-90.5288249,31.1841768],[-90.5288241,31.1841544],[-90.5288283,31.184132],[-90.5288515,31.1840647],[-90.5288709,31.1839974],[-90.5288964,31.18393],[-90.5289134,31.1838963],[-90.5289537,31.1838401],[-90.5289661,31.1838064],[-90.5289696,31.1837728],[-90.5289721,31.1836944],[-90.5289892,31.1836159],[-90.5289934,31.1835823],[-90.528994,31.1833807],[-90.5289971,31.1833471],[-90.5290023,31.1833247],[-90.5290225,31.1832798],[-90.5290794,31.1831898],[-90.5291021,31.1831652],[-90.5291668,31.1831157],[-90.5291816,31.1830996],[-90.5291966,31.1830771],[-90.529212,31.1830434],[-90.5292205,31.1830098],[-90.5292234,31.1829762],[-90.5292231,31.1829202],[-90.5292169,31.1828689],[-90.5292103,31.1828531],[-90.5292017,31.1828419],[-90.5291905,31.182834],[-90.5291775,31.1828289],[-90.5291053,31.1828201],[-90.5290731,31.1828111],[-90.529047,31.1827968],[-90.5290229,31.1827758],[-90.5290071,31.1827535],[-90.5289925,31.18272],[-90.528983,31.1826865],[-90.5289822,31.1826641],[-90.5289854,31.1826529],[-90.5289936,31.1826401],[-90.5290065,31.1826293],[-90.5290287,31.182619],[-90.5291105,31.1825982],[-90.5291495,31.1825938],[-90.5291755,31.1825943],[-90.5292016,31.1825976],[-90.5292929,31.1826161],[-90.5293451,31.1826309],[-90.5294627,31.18268],[-90.5295281,31.1827144],[-90.5295673,31.1827271],[-90.5296064,31.1827311],[-90.5296584,31.1827284],[-90.5297104,31.1827176],[-90.5297429,31.1827043],[-90.5297752,31.1826812],[-90.5297943,31.1826592],[-90.5298084,31.1826367],[-90.5298662,31.1825243],[-90.5299223,31.1824008],[-90.5299662,31.1823222],[-90.5300217,31.1821987],[-90.5300669,31.18212],[-90.5300765,31.1820975],[-90.5300812,31.1820639],[-90.5300767,31.1820415],[-90.5300661,31.1820192],[-90.5300298,31.1819634],[-90.5300066,31.1819188],[-90.5299593,31.1818071],[-90.52989,31.1816619],[-90.5298753,31.1816172],[-90.5298724,31.1815837],[-90.5298747,31.1815613],[-90.5298835,31.1815276],[-90.5299216,31.1814154],[-90.5299672,31.1813031],[-90.529989,31.1812358],[-90.5300047,31.1811685],[-90.5300267,31.1811124],[-90.5300534,31.1810563],[-90.5301015,31.1809664],[-90.5301324,31.180899],[-90.5301655,31.1808428],[-90.5302004,31.1807754],[-90.5302152,31.1807537],[-90.5302264,31.1807417],[-90.5302669,31.1807066],[-90.5302739,31.1806966],[-90.5302794,31.1806741],[-90.5302745,31.1806406],[-90.53026,31.1805959],[-90.5302437,31.1805624],[-90.5302264,31.1805384],[-90.5302133,31.1805268],[-90.5301985,31.1805179],[-90.5301219,31.1804921],[-90.5300855,31.1804738],[-90.5300433,31.1804433],[-90.5300302,31.1804293],[-90.5300232,31.1804182],[-90.5300128,31.1803846],[-90.5299938,31.180228],[-90.5299821,31.1801608],[-90.5299831,31.1801384],[-90.5299948,31.1800824],[-90.5299957,31.1800488],[-90.5299901,31.1799816],[-90.5299696,31.1798922],[-90.529967,31.1798362],[-90.5299689,31.1797914],[-90.5299752,31.1797578],[-90.5299895,31.1797129],[-90.5300057,31.1796456],[-90.5300938,31.1793875],[-90.5300979,31.1793539],[-90.530093,31.1792755],[-90.5300928,31.1792307],[-90.5300963,31.1791971],[-90.5301034,31.1791747],[-90.5301175,31.1791522],[-90.5301367,31.1791333],[-90.5301581,31.1791184],[-90.5302145,31.1790861],[-90.5302291,31.1790731],[-90.5302403,31.1790591],[-90.5302568,31.1790282],[-90.5302851,31.1789608],[-90.5303385,31.1787925],[-90.5303656,31.1787252],[-90.5303789,31.1787027],[-90.5303935,31.1786867],[-90.5304064,31.1786766],[-90.5304323,31.1786624],[-90.5304583,31.1786529],[-90.5304843,31.1786472],[-90.5305103,31.1786451],[-90.5306015,31.1786471],[-90.5307185,31.1786297],[-90.5307446,31.1786301],[-90.5308228,31.1786371],[-90.5308618,31.1786373],[-90.5309009,31.1786344],[-90.5309399,31.1786268],[-90.5310178,31.178603],[-90.5310958,31.1785824],[-90.5311121,31.178575],[-90.5311346,31.1785605],[-90.5311656,31.1785299],[-90.5311885,31.1784962],[-90.5312274,31.1784175],[-90.5312427,31.178395],[-90.5312634,31.1783784],[-90.5312893,31.1783701],[-90.5313154,31.1783703],[-90.5313545,31.1783803],[-90.5313847,31.1783942],[-90.5314592,31.1784382],[-90.5314984,31.1784559],[-90.531574,31.1784826],[-90.5317073,31.1785241],[-90.5317464,31.1785297],[-90.5318115,31.1785309],[-90.5318636,31.178527],[-90.5319155,31.1785164],[-90.5320324,31.1784769],[-90.5321234,31.178457],[-90.5321494,31.1784494],[-90.5322013,31.1784265],[-90.5322661,31.1783926],[-90.5323179,31.1783579],[-90.5323567,31.1783259],[-90.532393,31.1782872],[-90.532447,31.1782218],[-90.5324857,31.1781859],[-90.5325376,31.178155],[-90.5326543,31.1780989],[-90.532671,31.178084],[-90.5326801,31.1780615],[-90.5326793,31.1780391],[-90.5326698,31.1780056],[-90.5326554,31.1779721],[-90.53264,31.1779486],[-90.5325612,31.177865],[-90.5325088,31.1778245],[-90.5324563,31.1777749],[-90.5324432,31.1777678],[-90.5324302,31.1777646],[-90.5324172,31.1777663],[-90.5324042,31.1777759],[-90.5323948,31.1777945],[-90.5323784,31.1778394],[-90.5323658,31.1778553],[-90.5323529,31.1778646],[-90.5323399,31.1778702],[-90.5323139,31.177876],[-90.5322359,31.1778845],[-90.5321579,31.177899],[-90.5321188,31.1779017],[-90.5320798,31.1779015],[-90.5320407,31.1778979],[-90.5319494,31.1778795],[-90.5318581,31.1778659],[-90.5318096,31.1778541],[-90.5317798,31.177844],[-90.5317537,31.1778321],[-90.531649,31.1777669],[-90.5316228,31.1777547],[-90.5316098,31.1777527],[-90.5315968,31.1777542],[-90.5315838,31.1777586],[-90.5315449,31.1777815],[-90.531519,31.1777918],[-90.5315059,31.1777914],[-90.5314929,31.1777856],[-90.5314797,31.1777733],[-90.5314665,31.1777525],[-90.5314353,31.1776772],[-90.5314089,31.1776214],[-90.5313893,31.1775879],[-90.5313707,31.1775656],[-90.531344,31.1775434],[-90.5313084,31.1775219],[-90.53123,31.1774897],[-90.5312075,31.177477],[-90.5311907,31.1774608],[-90.5311512,31.1774079],[-90.5310974,31.1773657],[-90.5310465,31.1773212],[-90.5310202,31.1773066],[-90.5309695,31.1772881],[-90.5309548,31.1772765],[-90.5309416,31.1772505],[-90.5309297,31.1771876],[-90.5309218,31.1771652],[-90.530878,31.1770983],[-90.5308355,31.1770184],[-90.5308114,31.1769867],[-90.5307961,31.1769745],[-90.5307785,31.1769645],[-90.5306131,31.1768878],[-90.5305532,31.1768539],[-90.530498,31.1768095],[-90.5304427,31.1767529],[-90.5303881,31.1767094],[-90.5303693,31.1766871],[-90.5303582,31.1766648],[-90.5303513,31.1766424],[-90.5303403,31.1765753],[-90.5303383,31.1765417],[-90.5303449,31.1764633],[-90.5303393,31.1764185],[-90.5303222,31.1763539],[-90.530318,31.1763291],[-90.5303169,31.1762731],[-90.5303226,31.1762394],[-90.5303336,31.176217],[-90.5303435,31.1762057],[-90.5303988,31.176167],[-90.5304304,31.176138],[-90.5305278,31.1760154],[-90.5305695,31.1759692],[-90.5306256,31.1759016],[-90.5306739,31.1758342],[-90.5307495,31.1757553],[-90.530773,31.1757216],[-90.5307816,31.1756991],[-90.5307868,31.1756767],[-90.5307936,31.1755759],[-90.5308038,31.175531],[-90.5308261,31.1754861],[-90.5308796,31.1754186],[-90.5308905,31.1753961],[-90.5308953,31.1753737],[-90.5308928,31.1753513],[-90.5308806,31.175329],[-90.5307817,31.1752291],[-90.5307555,31.1752105],[-90.530724,31.1751956],[-90.5306771,31.1751783],[-90.5305858,31.1751501],[-90.5305466,31.1751403],[-90.5304162,31.1751186],[-90.5303771,31.1751149],[-90.530299,31.1751131],[-90.5302599,31.1751097],[-90.5301686,31.1750892],[-90.5301295,31.1750837],[-90.5299732,31.175073],[-90.5298299,31.1750689],[-90.5296083,31.1750322],[-90.529491,31.1750258],[-90.5292695,31.1749999],[-90.5291262,31.1749961],[-90.5289959,31.1749798],[-90.5289698,31.1749735],[-90.5289567,31.1749677],[-90.5288912,31.174924],[-90.5288651,31.1749114],[-90.5288175,31.1748937],[-90.5287737,31.1748825],[-90.5286955,31.1748727],[-90.5286434,31.1748637],[-90.5286043,31.1748615],[-90.5285783,31.1748643],[-90.5285384,31.174873],[-90.5285003,31.1748844],[-90.5284744,31.1748984],[-90.5284356,31.1749376],[-90.5284227,31.1749469],[-90.5284097,31.1749525],[-90.5283837,31.174955],[-90.5283576,31.1749491],[-90.5283053,31.1749272],[-90.5282662,31.1749177],[-90.528188,31.174911],[-90.5280968,31.1748958],[-90.5279925,31.1748894],[-90.5279143,31.17488],[-90.52781,31.1748589],[-90.5277187,31.1748454],[-90.5275101,31.174809],[-90.5273798,31.1747978],[-90.5272105,31.174795],[-90.5271714,31.1747899],[-90.5270801,31.1747716],[-90.5269629,31.1747597],[-90.5268324,31.1747263],[-90.5268063,31.1747232],[-90.5266891,31.1747172],[-90.5266499,31.1747095],[-90.5265847,31.1746922],[-90.5264934,31.1746716],[-90.526363,31.1746543],[-90.5262848,31.1746397],[-90.5261806,31.1746301],[-90.5261154,31.1746204],[-90.526011,31.1745976],[-90.5259327,31.1745742],[-90.5258414,31.1745546],[-90.525685,31.1745303],[-90.5255415,31.1744954],[-90.5254111,31.174478],[-90.525385,31.1744718],[-90.5253067,31.174447],[-90.5252154,31.1744316],[-90.5251372,31.174414],[-90.5250199,31.1744012],[-90.5249155,31.1743794],[-90.5248113,31.1743696],[-90.5247152,31.1743475],[-90.5245896,31.1743251],[-90.5244853,31.1743114],[-90.524381,31.1742913],[-90.5243289,31.1742886],[-90.5242638,31.1742901],[-90.5242248,31.1742953],[-90.5241988,31.1743027],[-90.5241297,31.1743286],[-90.5240241,31.1743629],[-90.5238872,31.1744149],[-90.5237724,31.1744652],[-90.5237445,31.1744813],[-90.5237202,31.1744991],[-90.523592,31.174623],[-90.5235538,31.1746681],[-90.5235393,31.1747018],[-90.5235359,31.1747242],[-90.5235337,31.174769],[-90.5235289,31.1747914],[-90.5235178,31.1748139],[-90.5234964,31.1748476],[-90.5234905,31.17487],[-90.5234917,31.1748924],[-90.5235124,31.1749931],[-90.5235251,31.1750266],[-90.5235408,31.1750463],[-90.5235539,31.1750565],[-90.5236027,31.1750821],[-90.5236193,31.1750947],[-90.5236342,31.1751155],[-90.5236404,31.1751379],[-90.5236415,31.1751715],[-90.5236359,31.1752387],[-90.5236315,31.1752611],[-90.5236178,31.175306],[-90.5236145,31.1753284],[-90.5236165,31.1755075],[-90.5236223,31.1755971],[-90.5236116,31.1756643],[-90.5236102,31.1756868],[-90.5236169,31.1757651],[-90.523617,31.1757987],[-90.523612,31.1758323],[-90.5236025,31.1758548],[-90.5235851,31.1758773],[-90.5235349,31.1759221],[-90.5234443,31.1759848],[-90.5234183,31.1759997],[-90.5233405,31.1760374],[-90.5232628,31.1760818],[-90.5232238,31.1760994],[-90.5231719,31.176115],[-90.5230678,31.1761279],[-90.5229769,31.1761493],[-90.5229508,31.1761515],[-90.5228857,31.1761502],[-90.5228597,31.1761559],[-90.5228468,31.1761641],[-90.522831,31.1761842],[-90.5227914,31.1762516],[-90.5227878,31.1762628],[-90.5227881,31.176274],[-90.5227935,31.1762852],[-90.5228088,31.1762984],[-90.5229134,31.1763489],[-90.523005,31.1764013],[-90.5230441,31.1764151],[-90.5230963,31.1764217],[-90.5231353,31.176421],[-90.5231613,31.1764182],[-90.5232653,31.1763935],[-90.5233173,31.1763882],[-90.5233539,31.1763938],[-90.5234087,31.1764147],[-90.5234478,31.1764231],[-90.5234999,31.1764224],[-90.523565,31.1764154],[-90.5236038,31.1764035],[-90.5236218,31.1763922],[-90.5236337,31.1763809],[-90.5236685,31.1763355],[-90.5236814,31.176324],[-90.5236944,31.1763168],[-90.5237074,31.1763127],[-90.5237204,31.1763115],[-90.5237464,31.1763167],[-90.5237726,31.1763326],[-90.523795,31.1763575],[-90.5238075,31.1763798],[-90.5238298,31.1764357],[-90.5238387,31.1764487],[-90.5238518,31.1764613],[-90.5238863,31.1764801],[-90.5239694,31.1765116],[-90.5240479,31.1765534],[-90.5241655,31.1766075],[-90.5243026,31.1766904],[-90.5243356,31.1767134],[-90.5243762,31.1767459],[-90.5244059,31.1767793],[-90.5244359,31.1768464],[-90.5244897,31.1769356],[-90.5245356,31.1770249],[-90.5245555,31.1770472],[-90.5246261,31.1771028],[-90.5246748,31.1771585],[-90.524691,31.177183],[-90.524698,31.1772031],[-90.5246993,31.1772143],[-90.5246913,31.1772815],[-90.5246912,31.1773151],[-90.5247053,31.1774158],[-90.5247155,31.1774494],[-90.5247691,31.1775946],[-90.5248102,31.1776839],[-90.524823,31.1777175],[-90.5248299,31.177751],[-90.5248376,31.1778517],[-90.5248438,31.1778741],[-90.5248698,31.1779299],[-90.5248765,31.1779523],[-90.5248785,31.1779747],[-90.5248773,31.1780307],[-90.5248838,31.1780642],[-90.5248946,31.1780866],[-90.5249122,31.1781088],[-90.5249331,31.1781269],[-90.5249723,31.1781497],[-90.5249854,31.17816],[-90.524997,31.1781755],[-90.5250007,31.1781867],[-90.5249988,31.1782044],[-90.5249859,31.1782195],[-90.524934,31.1782432],[-90.5249082,31.178265],[-90.5248824,31.1782985],[-90.524831,31.1783763],[-90.5247895,31.1784455],[-90.5247674,31.1784905],[-90.5247534,31.1785353],[-90.52475,31.178569],[-90.524752,31.1785913],[-90.5247682,31.1786598],[-90.5247811,31.1787367],[-90.5247987,31.1788038],[-90.5248256,31.1789716],[-90.5248412,31.1790163],[-90.5249004,31.1791391],[-90.5249401,31.1792621],[-90.5249467,31.1792956],[-90.5249572,31.1794635],[-90.5249521,31.179486],[-90.5249251,31.1795533],[-90.5249174,31.179587],[-90.5249096,31.1797102],[-90.5248934,31.1797775],[-90.5248879,31.1798111],[-90.5248863,31.1798447],[-90.5248884,31.1798671],[-90.5248975,31.1799006],[-90.524944,31.1800011],[-90.5249565,31.1800235],[-90.5250023,31.1800904],[-90.5250317,31.1801462],[-90.5250457,31.1801797],[-90.5250512,31.1802132],[-90.525047,31.1802357],[-90.5250415,31.1802471],[-90.525032,31.1802582],[-90.5250157,31.1802688],[-90.5249897,31.1802739],[-90.5249636,31.1802717],[-90.5249115,31.1802615],[-90.5248854,31.1802591],[-90.5247813,31.1802672],[-90.52469,31.1802539],[-90.5246119,31.1802527],[-90.5245821,31.1802497]]}},{"type":"Feature","properties":{"id":"depth-4-002","depth_ft":4,"estimated":false,"length_m":530.2,"source_date":"2016-10","source":"MDWFP Lake Tangipahoa depth map","method":"Published depth-band boundary, smoothed using a signed-distance field"},"geometry":{"type":"LineString","coordinates":[[-90.5206981,31.1969745],[-90.5207309,31.1970365],[-90.5207472,31.1970812],[-90.5207524,31.1971259],[-90.5207416,31.197182],[-90.5207407,31.1972044],[-90.5207591,31.1972603],[-90.5207791,31.1973339],[-90.5208056,31.1973926],[-90.5208306,31.197439],[-90.5209049,31.1975505],[-90.5209669,31.1976509],[-90.5209826,31.1976956],[-90.5209941,31.1977628],[-90.5209941,31.1977964],[-90.5209863,31.1979084],[-90.520974,31.1979756],[-90.5209538,31.1980542],[-90.5209482,31.198155],[-90.5209311,31.1982447],[-90.5209119,31.1984015],[-90.5208716,31.198525],[-90.5208404,31.1986035],[-90.5208303,31.1986484],[-90.5208257,31.1987044],[-90.5208267,31.198738],[-90.5208297,31.19875],[-90.5208361,31.1987603],[-90.5208429,31.1987677],[-90.5208559,31.1987734],[-90.520869,31.1987725],[-90.5208819,31.1987641],[-90.5208918,31.1987488],[-90.520924,31.1986366],[-90.5209587,31.1985692],[-90.5209712,31.1985373],[-90.5209887,31.1984571],[-90.5210091,31.1983923],[-90.5210416,31.1982664],[-90.5210547,31.1981767],[-90.5210734,31.1981094],[-90.5210826,31.1980534],[-90.5210858,31.1980086],[-90.521081,31.1977286],[-90.5210726,31.1976615],[-90.5210648,31.197628],[-90.5210548,31.1975982],[-90.5210283,31.1975451],[-90.520993,31.197494],[-90.5209623,31.1974436],[-90.5209488,31.1974271],[-90.5209128,31.1973937],[-90.5208965,31.1973714],[-90.5208874,31.1973491],[-90.5208727,31.1972932],[-90.5208566,31.1972514],[-90.5207998,31.1971368],[-90.5207932,31.1971145],[-90.5207906,31.1970921],[-90.5207886,31.1969577],[-90.5207846,31.1969242],[-90.5207604,31.1968459],[-90.5207399,31.1968013],[-90.5207093,31.196754],[-90.520686,31.1967232],[-90.5206316,31.1966675],[-90.5205955,31.196623],[-90.520572,31.1966007],[-90.5205386,31.1965777],[-90.5204993,31.196559],[-90.5204602,31.1965477],[-90.5204471,31.1965465],[-90.5204341,31.1965486],[-90.5204212,31.1965594],[-90.5204174,31.196568],[-90.520414,31.1965905],[-90.5204166,31.1966128],[-90.5204274,31.1966352],[-90.5204483,31.1966574],[-90.5205267,31.1967153],[-90.5205529,31.1967395],[-90.5205955,31.1968021],[-90.5206479,31.196869],[-90.5206666,31.1969137]]}},{"type":"Feature","properties":{"id":"depth-4-003","depth_ft":4,"estimated":false,"length_m":300.5,"source_date":"2016-10","source":"MDWFP Lake Tangipahoa depth map","method":"Published depth-band boundary, smoothed using a signed-distance field"},"geometry":{"type":"LineString","coordinates":[[-90.5194666,31.1944738],[-90.5194711,31.1944685],[-90.5194749,31.1944573],[-90.5194716,31.1944349],[-90.5194533,31.1944014],[-90.5194331,31.1943792],[-90.5193749,31.1943347],[-90.5193236,31.1942902],[-90.5193022,31.1942792],[-90.5192565,31.1942629],[-90.5192434,31.1942562],[-90.5192303,31.1942468],[-90.5191823,31.1942015],[-90.5191137,31.1941571],[-90.5190908,31.1941349],[-90.5190133,31.1940457],[-90.5189296,31.1939679],[-90.518913,31.1939456],[-90.5189007,31.1939232],[-90.5188623,31.1938251],[-90.5188454,31.1937892],[-90.5188226,31.1937568],[-90.5187634,31.1936889],[-90.5187438,31.1936714],[-90.5187176,31.1936547],[-90.5186523,31.1936305],[-90.5186262,31.1936162],[-90.518613,31.1936042],[-90.5186014,31.1935891],[-90.5185646,31.1935221],[-90.5185471,31.1935004],[-90.518534,31.1934908],[-90.5185209,31.1934852],[-90.5185079,31.1934842],[-90.5184985,31.1934889],[-90.5184903,31.1935002],[-90.5184842,31.1935226],[-90.5184826,31.1935674],[-90.51849,31.193601],[-90.5185091,31.1936413],[-90.5185487,31.1936989],[-90.5186828,31.1938574],[-90.518746,31.1939449],[-90.5187907,31.1940023],[-90.5188415,31.1940804],[-90.5188646,31.1941086],[-90.5188955,31.194136],[-90.5189683,31.1941916],[-90.5190742,31.1942619],[-90.5191134,31.194282],[-90.5191787,31.1943005],[-90.5192048,31.1943102],[-90.5192616,31.1943466],[-90.5193226,31.1943819],[-90.5193882,31.1944375],[-90.5194275,31.1944659],[-90.5194405,31.1944729],[-90.5194536,31.1944768],[-90.5194666,31.1944738]]}},{"type":"Feature","properties":{"id":"depth-4-004","depth_ft":4,"estimated":false,"length_m":263.5,"source_date":"2016-10","source":"MDWFP Lake Tangipahoa depth map","method":"Published depth-band boundary, smoothed using a signed-distance field"},"geometry":{"type":"LineString","coordinates":[[-90.5182384,31.1939825],[-90.5182447,31.193972],[-90.5182463,31.1939608],[-90.5182469,31.193916],[-90.5182507,31.1938936],[-90.5182583,31.1938711],[-90.5182808,31.1938262],[-90.5182907,31.1937925],[-90.518294,31.1936469],[-90.518306,31.1935797],[-90.5183078,31.1935573],[-90.5183017,31.1935125],[-90.5182812,31.1934343],[-90.5182536,31.1933672],[-90.5182184,31.1933003],[-90.5182088,31.1932667],[-90.5182087,31.1932219],[-90.5182286,31.1931098],[-90.518229,31.1930426],[-90.5182264,31.1930091],[-90.5182134,31.1929755],[-90.5181964,31.1929533],[-90.518182,31.1929421],[-90.5181596,31.1929311],[-90.5181256,31.1929214],[-90.5180996,31.1929175],[-90.5180735,31.1929182],[-90.5180605,31.1929221],[-90.5180472,31.1929318],[-90.5180348,31.1929539],[-90.5180286,31.1929767],[-90.5180206,31.1930215],[-90.5180109,31.1930999],[-90.5179967,31.193156],[-90.5179857,31.1932233],[-90.5179698,31.1932906],[-90.5179666,31.1933466],[-90.5179695,31.1934025],[-90.5179779,31.1934361],[-90.5179867,31.1934536],[-90.5179999,31.1934714],[-90.5180261,31.1934945],[-90.5180784,31.1935251],[-90.5181046,31.1935441],[-90.5181282,31.1935696],[-90.5181496,31.193603],[-90.5181585,31.1936254],[-90.5181635,31.1936477],[-90.518166,31.1936813],[-90.5181644,31.1937261],[-90.5181533,31.193771],[-90.5181273,31.1938271],[-90.5181194,31.1938496],[-90.5181173,31.193872],[-90.518119,31.1938832],[-90.518123,31.1938943],[-90.5181337,31.1939118],[-90.5181599,31.1939379],[-90.5182123,31.1939744],[-90.5182254,31.1939812],[-90.5182384,31.1939825]]}},{"type":"Feature","properties":{"id":"depth-4-005","depth_ft":4,"estimated":false,"length_m":198.6,"source_date":"2016-10","source":"MDWFP Lake Tangipahoa depth map","method":"Published depth-band boundary, smoothed using a signed-distance field"},"geometry":{"type":"LineString","coordinates":[[-90.519369,31.1968895],[-90.5193819,31.1968809],[-90.5193977,31.1968653],[-90.5194077,31.1968519],[-90.5194383,31.1967979],[-90.5194643,31.1967642],[-90.5195305,31.1967078],[-90.5195633,31.196674],[-90.5195783,31.1966515],[-90.5195899,31.1966178],[-90.5195932,31.1965842],[-90.519593,31.1965506],[-90.5195894,31.196517],[-90.5195835,31.1964947],[-90.5195736,31.1964724],[-90.5195597,31.19645],[-90.5194976,31.196372],[-90.5194852,31.1963497],[-90.5194749,31.1963162],[-90.5194752,31.1962826],[-90.5194882,31.1962377],[-90.5195002,31.1962152],[-90.5195445,31.1961478],[-90.519549,31.1961366],[-90.5195504,31.1961254],[-90.5195472,31.1961142],[-90.5195319,31.1961024],[-90.5195189,31.1961005],[-90.5195058,31.1961024],[-90.5194929,31.1961085],[-90.5194731,31.1961258],[-90.5194542,31.1961524],[-90.5194405,31.196182],[-90.5193932,31.1963615],[-90.5193888,31.1963951],[-90.5193867,31.1964399],[-90.5193898,31.1965406],[-90.5193879,31.1965631],[-90.51936,31.1966528],[-90.5193478,31.1967761],[-90.5193407,31.1967985],[-90.5193195,31.1968434],[-90.5193131,31.1968659],[-90.5193154,31.1968882],[-90.51933,31.1968985],[-90.519343,31.1968984],[-90.519369,31.1968895]]}},{"type":"Feature","properties":{"id":"depth-4-006","depth_ft":4,"estimated":false,"length_m":84.9,"source_date":"2016-10","source":"MDWFP Lake Tangipahoa depth map","method":"Published depth-band boundary, smoothed using a signed-distance field"},"geometry":{"type":"LineString","coordinates":[[-90.5202904,31.1964882],[-90.5203012,31.1964792],[-90.5203044,31.1964679],[-90.5203029,31.1964199],[-90.5202974,31.1963784],[-90.5202871,31.1963449],[-90.5202422,31.1962444],[-90.5202289,31.196222],[-90.5202099,31.1962028],[-90.5201968,31.1961959],[-90.5201838,31.1961928],[-90.5201578,31.1961945],[-90.5200928,31.1962137],[-90.5200812,31.1962229],[-90.5200777,31.1962342],[-90.5200801,31.1962477],[-90.5200913,31.1962677],[-90.5201064,31.1962807],[-90.5201659,31.196312],[-90.5201921,31.1963342],[-90.5202142,31.1963677],[-90.5202374,31.1964348],[-90.5202511,31.1964587],[-90.5202642,31.1964751],[-90.5202773,31.1964854],[-90.5202904,31.1964882]]}},{"type":"Feature","properties":{"id":"depth-4-007","depth_ft":4,"estimated":false,"length_m":80.8,"source_date":"2016-10","source":"MDWFP Lake Tangipahoa depth map","method":"Published depth-band boundary, smoothed using a signed-distance field"},"geometry":{"type":"LineString","coordinates":[[-90.5191246,31.197272],[-90.5191282,31.1972701],[-90.5191334,31.1972589],[-90.5191356,31.1972253],[-90.5191429,31.1972028],[-90.5191495,31.1971916],[-90.5191829,31.1971466],[-90.5192345,31.1970903],[-90.5192532,31.1970617],[-90.5192675,31.1970341],[-90.5192756,31.1970117],[-90.5192783,31.1969892],[-90.519275,31.1969781],[-90.5192654,31.1969692],[-90.5192524,31.1969697],[-90.5192394,31.1969745],[-90.5192135,31.1969894],[-90.5191876,31.19701],[-90.5191618,31.1970365],[-90.519136,31.1970744],[-90.5190848,31.1971787],[-90.519077,31.1972144],[-90.5190811,31.1972368],[-90.5190853,31.1972466],[-90.5190985,31.1972622],[-90.5191116,31.1972706],[-90.5191246,31.197272]]}},{"type":"Feature","properties":{"id":"depth-4-008","depth_ft":4,"estimated":false,"length_m":70.5,"source_date":"2016-10","source":"MDWFP Lake Tangipahoa depth map","method":"Published depth-band boundary, smoothed using a signed-distance field"},"geometry":{"type":"LineString","coordinates":[[-90.5198037,31.1958935],[-90.5198167,31.1958883],[-90.5198308,31.1958773],[-90.5198425,31.1958618],[-90.5198555,31.1958324],[-90.5198633,31.1957987],[-90.5198659,31.1957651],[-90.5198616,31.1957427],[-90.5198551,31.1957316],[-90.5198417,31.1957205],[-90.5198283,31.1957155],[-90.5198022,31.1957129],[-90.5197111,31.1957186],[-90.5196851,31.1957241],[-90.5196655,31.1957327],[-90.5196511,31.195744],[-90.5196423,31.1957553],[-90.5196369,31.1957665],[-90.5196316,31.1957889],[-90.519633,31.1958225],[-90.5196402,31.1958449],[-90.5196471,31.1958568],[-90.5196562,31.1958672],[-90.5196711,31.1958783],[-90.5196995,31.195889],[-90.5197646,31.1958963],[-90.5197907,31.1958959],[-90.5198037,31.1958935]]}},{"type":"Feature","properties":{"id":"depth-4-009","depth_ft":4,"estimated":false,"length_m":45.7,"source_date":"2016-10","source":"MDWFP Lake Tangipahoa depth map","method":"Published depth-band boundary, smoothed using a signed-distance field"},"geometry":{"type":"LineString","coordinates":[[-90.5185027,31.1912434],[-90.5185157,31.1912338],[-90.5185207,31.1912268],[-90.5185285,31.1912118],[-90.5185333,31.1911931],[-90.5185515,31.191081],[-90.5185513,31.1910698],[-90.5185403,31.1910606],[-90.5185274,31.1910746],[-90.5185146,31.1911007],[-90.5184726,31.1912047],[-90.518471,31.1912271],[-90.5184756,31.1912383],[-90.5184897,31.1912455],[-90.5185027,31.1912434]]}},{"type":"Feature","properties":{"id":"depth-4-010","depth_ft":4,"estimated":false,"length_m":23.9,"source_date":"2016-10","source":"MDWFP Lake Tangipahoa depth map","method":"Published depth-band boundary, smoothed using a signed-distance field"},"geometry":{"type":"LineString","coordinates":[[-90.5184982,31.1938991],[-90.518507,31.193892],[-90.5185141,31.1938808],[-90.5185165,31.1938696],[-90.5185154,31.1938584],[-90.5185108,31.1938485],[-90.5184977,31.1938364],[-90.5184846,31.1938318],[-90.5184716,31.1938311],[-90.5184586,31.1938342],[-90.5184457,31.1938439],[-90.5184395,31.1938588],[-90.5184406,31.19387],[-90.5184457,31.1938812],[-90.5184591,31.1938944],[-90.5184722,31.1939009],[-90.5184852,31.1939029],[-90.5184982,31.1938991]]}},{"type":"Feature","properties":{"id":"depth-4-011","depth_ft":4,"estimated":false,"length_m":16.3,"source_date":"2016-10","source":"MDWFP Lake Tangipahoa depth map","method":"Published depth-band boundary, smoothed using a signed-distance field"},"geometry":{"type":"LineString","coordinates":[[-90.5169431,31.1900163],[-90.516967,31.1900044],[-90.5169744,31.1899931],[-90.5169689,31.1899825],[-90.5169202,31.1899934],[-90.5169049,31.1900047],[-90.5169171,31.1900163],[-90.5169431,31.1900163]]}},{"type":"Feature","properties":{"id":"depth-4-012","depth_ft":4,"estimated":false,"length_m":5.2,"source_date":"2016-10","source":"MDWFP Lake Tangipahoa depth map","method":"Published depth-band boundary, smoothed using a signed-distance field"},"geometry":{"type":"LineString","coordinates":[[-90.5206716,31.1969267],[-90.5206953,31.1969695]]}},{"type":"Feature","properties":{"id":"depth-6-001","depth_ft":6,"estimated":true,"length_m":5245.4,"source_date":"2016-10","source":"MDWFP Lake Tangipahoa depth map","method":"Estimated midpoint between adjacent smoothed published depth boundaries"},"geometry":{"type":"LineString","coordinates":[[-90.5200257,31.18955],[-90.5201297,31.1895341],[-90.5204418,31.1894781],[-90.5205328,31.18946],[-90.5209097,31.1893652],[-90.5213646,31.1892571],[-90.5215076,31.1892202],[-90.5216245,31.1891852],[-90.5217472,31.1891357],[-90.5218451,31.1890907],[-90.5219228,31.1890378],[-90.5219358,31.1890313],[-90.5219618,31.1890245],[-90.5219878,31.1890249],[-90.52204,31.1890347],[-90.5232142,31.1893064],[-90.5236578,31.1894016],[-90.5236969,31.189408],[-90.523736,31.1894093],[-90.5237647,31.1894035],[-90.5238009,31.1893858],[-90.5238527,31.1893497],[-90.5239154,31.1893018],[-90.5240726,31.1891661],[-90.524192,31.1890537],[-90.5242234,31.1890199],[-90.5242504,31.1889862],[-90.5242791,31.1889435],[-90.5242994,31.1889075],[-90.5243429,31.1888177],[-90.5243664,31.1887615],[-90.5244399,31.1885147],[-90.5245168,31.1882679],[-90.5245284,31.1882342],[-90.5245393,31.1882118],[-90.5245557,31.1881893],[-90.5245853,31.1881632],[-90.5246992,31.1880988],[-90.5247667,31.1880515],[-90.5248185,31.188012],[-90.5248479,31.1879859],[-90.5248803,31.1879521],[-90.524898,31.1879296],[-90.524919,31.1878959],[-90.5249493,31.1878285],[-90.5250068,31.1876714],[-90.5250795,31.1874358],[-90.5251399,31.1872563],[-90.5251659,31.1872001],[-90.5252581,31.1870428],[-90.5252731,31.1870091],[-90.52528,31.1869755],[-90.5252808,31.1869307],[-90.5252757,31.1868411],[-90.5252651,31.1867292],[-90.5252673,31.1867068],[-90.5252731,31.1866844],[-90.5253348,31.1865496],[-90.5254009,31.1864261],[-90.5254302,31.1863845],[-90.5254561,31.1863649],[-90.5254821,31.1863558],[-90.5255081,31.1863515],[-90.5257293,31.1863355],[-90.5260418,31.1863203],[-90.5261068,31.186313],[-90.5262238,31.1862896],[-90.5263148,31.1862682],[-90.5265357,31.18621],[-90.5266472,31.1861833],[-90.5266786,31.1861724],[-90.5266916,31.1861651],[-90.5267093,31.1861494],[-90.5267291,31.1861156],[-90.5267557,31.1860407],[-90.5267845,31.1859473],[-90.5267977,31.1858913],[-90.5268101,31.185824],[-90.5268244,31.1857007],[-90.5268473,31.1855662],[-90.526867,31.1854877],[-90.5268906,31.1853756],[-90.5269513,31.1851736],[-90.5269728,31.1851287],[-90.5270279,31.1850276],[-90.5270812,31.1849377],[-90.5271512,31.1848029],[-90.5272516,31.1846455],[-90.5273127,31.1845444],[-90.5273385,31.1845106],[-90.5273551,31.1844959],[-90.527381,31.1844795],[-90.5274329,31.1844585],[-90.5275238,31.1844344],[-90.5276018,31.1844184],[-90.5276409,31.1844126],[-90.5276929,31.1844109],[-90.5278232,31.18442],[-90.5279014,31.1844204],[-90.5281227,31.184414],[-90.5282788,31.184402],[-90.5283179,31.1843968],[-90.5283438,31.1843884],[-90.5283715,31.1843699],[-90.5283956,31.1843443],[-90.5284471,31.1842798],[-90.5284857,31.1842218],[-90.5285379,31.1841226],[-90.5285908,31.1840327],[-90.5286127,31.1839877],[-90.5287083,31.1837408],[-90.528717,31.1837072],[-90.5287301,31.1836287],[-90.5287541,31.183539],[-90.5287635,31.1834269],[-90.5288101,31.1831579],[-90.5288246,31.1830346],[-90.5288236,31.1830122],[-90.528819,31.1829899],[-90.5287881,31.1829117],[-90.5287756,31.1828669],[-90.5287558,31.1826991],[-90.5287551,31.1826543],[-90.5287598,31.1826207],[-90.5287702,31.182587],[-90.5287846,31.1825569],[-90.5288239,31.1824971],[-90.528849,31.1824675],[-90.528876,31.1824408],[-90.5289136,31.1824087],[-90.5289617,31.1823731],[-90.5290042,31.1823455],[-90.5290431,31.1823249],[-90.5290691,31.1823153],[-90.5291081,31.1823074],[-90.5294334,31.1822765],[-90.5294724,31.1822683],[-90.5294983,31.1822576],[-90.5295284,31.1822353],[-90.5295681,31.1821902],[-90.5296015,31.1821393],[-90.5296247,31.1820891],[-90.529637,31.182033],[-90.5296438,31.1819658],[-90.5296461,31.1819098],[-90.5296426,31.1818314],[-90.529626,31.1817196],[-90.5296252,31.1816524],[-90.5296319,31.1815739],[-90.5296521,31.181473],[-90.5296615,31.1814394],[-90.5296763,31.1814057],[-90.5297253,31.1813158],[-90.5297735,31.1812371],[-90.5297887,31.1812034],[-90.5298664,31.1809678],[-90.5298839,31.1809005],[-90.5299034,31.1808108],[-90.5299283,31.1807323],[-90.5299353,31.1806986],[-90.5299347,31.1806762],[-90.529929,31.1806539],[-90.5298718,31.1805423],[-90.5298602,31.1805087],[-90.5298517,31.180464],[-90.529851,31.1804192],[-90.5298638,31.1803295],[-90.5298705,31.1802511],[-90.5298767,31.1800831],[-90.5298749,31.1800607],[-90.5298691,31.1800384],[-90.5298367,31.1799714],[-90.5298298,31.179949],[-90.5298262,31.1799266],[-90.5298237,31.1798595],[-90.5298242,31.1797475],[-90.5298302,31.1796915],[-90.5298393,31.1796466],[-90.5298512,31.1796129],[-90.529867,31.1795824],[-90.5298964,31.1795343],[-90.5299521,31.1794556],[-90.529983,31.1793994],[-90.5299985,31.1793657],[-90.5300125,31.1793096],[-90.5300287,31.1791863],[-90.5300341,31.1791639],[-90.5300456,31.179136],[-90.5300585,31.1791157],[-90.5300758,31.1790965],[-90.5301619,31.1790281],[-90.5301796,31.1790062],[-90.530191,31.1789838],[-90.5301977,31.1789613],[-90.5302014,31.1789277],[-90.5301948,31.1788382],[-90.5301985,31.178771],[-90.5302085,31.1787149],[-90.5302225,31.1786812],[-90.5302433,31.1786475],[-90.530345,31.1785013],[-90.5304299,31.178367],[-90.5305214,31.1782315],[-90.5305503,31.1781977],[-90.530574,31.1781752],[-90.5306722,31.1780962],[-90.5306953,31.1780737],[-90.5307129,31.1780511],[-90.5307264,31.1780287],[-90.5307454,31.1779838],[-90.5307494,31.1779613],[-90.5307481,31.177939],[-90.530742,31.1779166],[-90.530708,31.1778272],[-90.5307019,31.1777937],[-90.5307012,31.1777713],[-90.53072,31.1775472],[-90.5307385,31.1773791],[-90.5307476,31.1773343],[-90.5307762,31.1772445],[-90.5307832,31.1772109],[-90.5307846,31.1771885],[-90.530782,31.1771549],[-90.5307751,31.1771213],[-90.5307668,31.177099],[-90.5307579,31.177083],[-90.5307448,31.1770665],[-90.530714,31.1770433],[-90.5306393,31.1770102],[-90.5305226,31.1769713],[-90.5304834,31.1769537],[-90.5303918,31.1768985],[-90.530287,31.1768254],[-90.5302608,31.1768048],[-90.5302232,31.1767664],[-90.5302023,31.1767329],[-90.5301547,31.17661],[-90.5301494,31.1765876],[-90.5301463,31.1765541],[-90.5301571,31.1764308],[-90.5301612,31.1763076],[-90.5301713,31.176218],[-90.5301807,31.1761731],[-90.5301993,31.1761394],[-90.5302207,31.1761169],[-90.530242,31.1761006],[-90.5303458,31.1760476],[-90.5304105,31.1760042],[-90.5304752,31.1759562],[-90.5305011,31.1759337],[-90.5305785,31.1758555],[-90.5306044,31.1758348],[-90.5306562,31.1757988],[-90.5306926,31.1757669],[-90.5307348,31.1757218],[-90.5307501,31.1756993],[-90.5307594,31.1756807],[-90.5307713,31.1756432],[-90.5307953,31.1755199],[-90.5308127,31.175475],[-90.5308443,31.1754188],[-90.5308512,31.1753964],[-90.5308514,31.175374],[-90.530844,31.1753516],[-90.5308186,31.1753182],[-90.5307596,31.1752625],[-90.530728,31.1752403],[-90.5307036,31.1752285],[-90.5306775,31.175219],[-90.53056,31.1751825],[-90.5305209,31.1751732],[-90.5304166,31.1751629],[-90.5303645,31.1751608],[-90.5303255,31.1751634],[-90.5302474,31.1751748],[-90.5302214,31.1751747],[-90.5301953,31.1751698],[-90.53013,31.175146],[-90.5300909,31.1751341],[-90.5299734,31.1751057],[-90.5299083,31.1750962],[-90.529778,31.1750856],[-90.5296998,31.1750757],[-90.5296085,31.1750605],[-90.5294913,31.1750549],[-90.5293739,31.17504],[-90.5293349,31.1750368],[-90.5292698,31.1750386],[-90.5291527,31.1750511],[-90.5291136,31.1750527],[-90.5290615,31.1750497],[-90.5289964,31.1750412],[-90.5289703,31.175036],[-90.5289442,31.1750267],[-90.5288787,31.174989],[-90.5288396,31.1749735],[-90.5287613,31.1749531],[-90.528683,31.1749404],[-90.5286179,31.1749364],[-90.5285789,31.1749386],[-90.5285529,31.1749427],[-90.5285139,31.1749541],[-90.5284491,31.1749885],[-90.5284231,31.1749989],[-90.5283971,31.1750039],[-90.5283711,31.1750036],[-90.5283319,31.1749945],[-90.5282405,31.1749582],[-90.5281231,31.1749283],[-90.528084,31.1749228],[-90.5279928,31.1749174],[-90.5279146,31.1749086],[-90.5278754,31.1749013],[-90.5278102,31.1748852],[-90.5277841,31.1748815],[-90.5277581,31.1748805],[-90.527693,31.1748834],[-90.527667,31.1748816],[-90.5276148,31.1748689],[-90.5275364,31.1748401],[-90.5274842,31.1748291],[-90.5274191,31.1748239],[-90.5272889,31.1748299],[-90.5272108,31.17483],[-90.5271717,31.1748278],[-90.5271326,31.1748221],[-90.5270413,31.1748033],[-90.5269224,31.1747932],[-90.5268067,31.1747695],[-90.5267025,31.1747635],[-90.5266634,31.1747585],[-90.5265329,31.1747283],[-90.5264155,31.1746941],[-90.5263241,31.174673],[-90.526285,31.174667],[-90.5261808,31.1746574],[-90.5259982,31.1746269],[-90.5258939,31.1746018],[-90.5256983,31.1745695],[-90.5255809,31.1745455],[-90.5255157,31.1745349],[-90.5253984,31.1745201],[-90.5252941,31.1744953],[-90.5251115,31.1744571],[-90.5250202,31.1744425],[-90.5248797,31.1744137],[-90.5247985,31.1744016],[-90.5247072,31.1743809],[-90.524629,31.1743695],[-90.5245247,31.1743509],[-90.5243552,31.1743287],[-90.5243031,31.1743288],[-90.5242377,31.1743392],[-90.5240803,31.1743849],[-90.5239914,31.1744149],[-90.5239525,31.1744305],[-90.523826,31.1744984],[-90.5237909,31.1745211],[-90.5237538,31.1745549],[-90.5236979,31.1746224],[-90.5236449,31.1747011],[-90.5236265,31.1747348],[-90.5236025,31.1748022],[-90.5235952,31.1748358],[-90.5235936,31.1748582],[-90.5235974,31.1748918],[-90.5236094,31.1749253],[-90.5236328,31.1749587],[-90.5236837,31.1750054],[-90.523709,31.1750367],[-90.5237226,31.1750702],[-90.5237276,31.1751037],[-90.5237266,31.1751485],[-90.5237167,31.1752606],[-90.523712,31.1752909],[-90.5237019,31.1753167],[-90.5236638,31.1753729],[-90.523656,31.1753953],[-90.523653,31.1754177],[-90.5236542,31.1754513],[-90.5236682,31.1755968],[-90.5236664,31.1756192],[-90.5236548,31.1756753],[-90.523654,31.1757089],[-90.5236809,31.1758767],[-90.5236842,31.1759215],[-90.5236864,31.1760334],[-90.5236926,31.176067],[-90.5237055,31.1760893],[-90.5237164,31.1761004],[-90.5238103,31.1761629],[-90.5238496,31.1761948],[-90.5239284,31.1762733],[-90.5239955,31.1763563],[-90.5240597,31.17641],[-90.5241194,31.1764675],[-90.5242171,31.1765524],[-90.5242546,31.1765787],[-90.5243479,31.1766275],[-90.5244265,31.1766759],[-90.5244603,31.1767006],[-90.5244798,31.1767229],[-90.5244905,31.1767452],[-90.5245071,31.1768123],[-90.524544,31.1769241],[-90.5245636,31.1769688],[-90.5245787,31.1769911],[-90.5245992,31.1770133],[-90.5247165,31.1771173],[-90.5247327,31.1771357],[-90.5247453,31.177158],[-90.5247506,31.1771804],[-90.5247503,31.1772028],[-90.5247301,31.1772813],[-90.5247254,31.1773261],[-90.5247286,31.1773709],[-90.5247404,31.1774156],[-90.5248907,31.1777133],[-90.5249374,31.1778287],[-90.5249981,31.1779292],[-90.5250369,31.1780073],[-90.5250759,31.1780743],[-90.525086,31.1780966],[-90.5250969,31.1781301],[-90.5251056,31.1781749],[-90.5251088,31.1782196],[-90.5251068,31.1782644],[-90.5250992,31.1782981],[-90.5250781,31.1783406],[-90.5250175,31.1784218],[-90.5249774,31.1784892],[-90.5249632,31.1785229],[-90.5249568,31.1785453],[-90.5249524,31.1785901],[-90.5249628,31.1787244],[-90.5249618,31.1788252],[-90.5249727,31.1789819],[-90.5249794,31.1790155],[-90.5249872,31.1790378],[-90.525024,31.179116],[-90.5250428,31.1791943],[-90.525051,31.1792502],[-90.5250552,31.1793622],[-90.5250644,31.1794517],[-90.5250622,31.1794853],[-90.525056,31.1795077],[-90.5250448,31.1795302],[-90.5250002,31.1795977],[-90.5249867,31.1796313],[-90.5249814,31.1796762],[-90.5249833,31.1798105],[-90.5249878,31.1798329],[-90.5249955,31.1798552],[-90.5250371,31.1799334],[-90.5250496,31.1799669],[-90.5251236,31.180224],[-90.5251283,31.1802576],[-90.525125,31.18028],[-90.5251136,31.1803025],[-90.5251031,31.1803137],[-90.5250828,31.180325],[-90.5250682,31.1803275],[-90.5250422,31.1803242],[-90.5249638,31.1802952],[-90.5249247,31.1802865],[-90.5248856,31.1802849],[-90.5248075,31.1802943],[-90.5247815,31.1802954],[-90.5247554,31.1802926],[-90.5246772,31.1802715],[-90.524625,31.1802671],[-90.524573,31.1802679],[-90.5245209,31.1802731],[-90.5244299,31.1802894],[-90.5243519,31.1803078],[-90.5243259,31.1803112],[-90.5242347,31.1803082],[-90.5241957,31.1803097],[-90.5241567,31.1803174],[-90.5241047,31.1803355],[-90.5240528,31.1803584],[-90.5239621,31.1804058],[-90.5238712,31.1804379],[-90.5238452,31.1804492],[-90.5238193,31.180464],[-90.5237934,31.1804826],[-90.523677,31.1805806],[-90.5235993,31.1806294],[-90.523576,31.1806477],[-90.5235476,31.1806797],[-90.5234962,31.180757],[-90.5234704,31.1807894],[-90.5234187,31.1808395],[-90.5233746,31.1808729],[-90.523341,31.1808884],[-90.523289,31.1809006],[-90.523237,31.1809054],[-90.5231458,31.1809066],[-90.5231068,31.1809137],[-90.5230159,31.1809443],[-90.522925,31.1809805],[-90.5228843,31.180999],[-90.5228473,31.1810229],[-90.5227284,31.1811344],[-90.522689,31.1811794],[-90.522662,31.1812243],[-90.5226257,31.1813029],[-90.5225513,31.1814515],[-90.5225255,31.1814939],[-90.5224869,31.1815484],[-90.5224611,31.1815764],[-90.5224223,31.1816089],[-90.5223835,31.1816339],[-90.5223446,31.1816519],[-90.522306,31.1816632],[-90.5222796,31.1816674],[-90.5222405,31.1816682],[-90.5222072,31.1816638],[-90.5221492,31.1816472],[-90.5220185,31.1815915],[-90.5219793,31.1815777],[-90.5219272,31.1815668],[-90.521862,31.1815609],[-90.521823,31.181561],[-90.5217319,31.1815691],[-90.5216407,31.1815701],[-90.5216017,31.1815748],[-90.5215494,31.1815894],[-90.5215232,31.1816008],[-90.5214849,31.1816225],[-90.5214362,31.1816573],[-90.5213956,31.1816911],[-90.5213607,31.1817249],[-90.5213324,31.1817587],[-90.5212694,31.1818486],[-90.5211752,31.181975],[-90.5211496,31.1820173],[-90.5211229,31.1820735],[-90.5211034,31.1821072],[-90.5210327,31.1822084],[-90.520981,31.1822759],[-90.5209591,31.1823096],[-90.520934,31.1823658],[-90.5208716,31.1825453],[-90.52086,31.1825902],[-90.5208377,31.1827023],[-90.5208166,31.1827808],[-90.5207998,31.1828257],[-90.5207788,31.1828615],[-90.5207473,31.1828932],[-90.5206891,31.1829384],[-90.520494,31.1830851],[-90.5202443,31.1832658],[-90.520206,31.1832996],[-90.5201836,31.183331],[-90.5201723,31.1833558],[-90.5201573,31.1834007],[-90.5201107,31.1835577],[-90.5200913,31.1836362],[-90.5200755,31.1837259],[-90.5200522,31.1839276],[-90.5200235,31.1840958],[-90.5200227,31.1841742],[-90.5200329,31.1843533],[-90.5200425,31.1844204],[-90.5200685,31.1845434],[-90.5200713,31.184577],[-90.5200689,31.1845994],[-90.5200617,31.1846219],[-90.5200498,31.1846443],[-90.5199404,31.1848018],[-90.5198827,31.1848917],[-90.5198452,31.1849614],[-90.5198157,31.1850265],[-90.5198055,31.1850713],[-90.5197987,31.1852393],[-90.5197778,31.1854298],[-90.5197635,31.1855083],[-90.5197429,31.1855756],[-90.5197214,31.1856205],[-90.51966,31.1857329],[-90.5195941,31.1858453],[-90.5195276,31.1859421],[-90.5194024,31.186104],[-90.5193668,31.1861602],[-90.5193298,31.1862276],[-90.5193096,31.1862837],[-90.5192527,31.186564],[-90.5192407,31.1866089],[-90.5192287,31.1866425],[-90.5191798,31.1867548],[-90.519059,31.1870019],[-90.5189586,31.1871929],[-90.5189415,31.1872378],[-90.5189197,31.1873275],[-90.5189046,31.1873724],[-90.5188143,31.1875521],[-90.5187911,31.1875858],[-90.5187599,31.1876144],[-90.5185655,31.1877394],[-90.518511,31.1877779],[-90.5184688,31.1878117],[-90.5184203,31.1878568],[-90.5183586,31.1879195],[-90.5182232,31.1880707],[-90.5182016,31.1881045],[-90.5181905,31.1881381],[-90.5181534,31.1883847],[-90.518149,31.1884295],[-90.5181511,31.1884631],[-90.5181605,31.1884966],[-90.5182079,31.1886011],[-90.5182335,31.1886642],[-90.5183411,31.1889721],[-90.5183543,31.1889971],[-90.5183675,31.1890141],[-90.5183884,31.1890328],[-90.5184199,31.1890533],[-90.5186292,31.1891706],[-90.5188908,31.1893065],[-90.5189561,31.1893373],[-90.5190345,31.1893647],[-90.519165,31.1894031],[-90.5192302,31.1894162],[-90.5193345,31.1894235],[-90.5194777,31.1894222],[-90.5195168,31.1894273],[-90.5195821,31.1894475],[-90.5198173,31.1895401],[-90.5198695,31.1895552],[-90.5198955,31.1895585],[-90.5199216,31.189559],[-90.5200257,31.18955]]}},{"type":"Feature","properties":{"id":"depth-6-002","depth_ft":6,"estimated":true,"length_m":111.2,"source_date":"2016-10","source":"MDWFP Lake Tangipahoa depth map","method":"Estimated midpoint between adjacent smoothed published depth boundaries"},"geometry":{"type":"LineString","coordinates":[[-90.5210443,31.1979106],[-90.5210572,31.1978927],[-90.5210594,31.1978855],[-90.5210646,31.1978631],[-90.521067,31.1978295],[-90.5210592,31.1977624],[-90.5210555,31.1976938],[-90.5210426,31.1976393],[-90.5210288,31.1976043],[-90.5210023,31.1975524],[-90.5209628,31.1974945],[-90.5209365,31.1974666],[-90.5209234,31.1974573],[-90.5209103,31.1974505],[-90.5208973,31.1974483],[-90.5208952,31.197461],[-90.5209088,31.1974945],[-90.5209854,31.1976284],[-90.5209966,31.1976508],[-90.5210081,31.1976843],[-90.5210226,31.1977514],[-90.5210229,31.1977738],[-90.5210179,31.1978186],[-90.5210196,31.1978522],[-90.5210312,31.1978991],[-90.5210443,31.1979106]]}},{"type":"Feature","properties":{"id":"depth-6-003","depth_ft":6,"estimated":true,"length_m":105.9,"source_date":"2016-10","source":"MDWFP Lake Tangipahoa depth map","method":"Estimated midpoint between adjacent smoothed published depth boundaries"},"geometry":{"type":"LineString","coordinates":[[-90.520737,31.1969604],[-90.52075,31.1969548],[-90.5207559,31.1969355],[-90.5207549,31.1969132],[-90.5207499,31.1968908],[-90.5207229,31.1968226],[-90.5206833,31.1967543],[-90.5206569,31.1967225],[-90.5206094,31.1966789],[-90.5205781,31.1966343],[-90.5205518,31.1966086],[-90.5205256,31.1965912],[-90.5205126,31.1965855],[-90.5204865,31.1965805],[-90.5204735,31.196583],[-90.5204605,31.1965928],[-90.5204568,31.1966014],[-90.5204563,31.1966126],[-90.5204608,31.1966279],[-90.520472,31.1966461],[-90.5205003,31.1966734],[-90.5205526,31.1967028],[-90.5205666,31.1967127],[-90.5205766,31.1967239],[-90.5206103,31.1967908],[-90.5206651,31.1968577],[-90.5206788,31.19688],[-90.5206976,31.1969215],[-90.5207068,31.1969358],[-90.5207239,31.1969546],[-90.520737,31.1969604]]}},{"type":"Feature","properties":{"id":"depth-6-004","depth_ft":6,"estimated":true,"length_m":62.9,"source_date":"2016-10","source":"MDWFP Lake Tangipahoa depth map","method":"Estimated midpoint between adjacent smoothed published depth boundaries"},"geometry":{"type":"LineString","coordinates":[[-90.5209823,31.1983015],[-90.5209953,31.1982985],[-90.5210082,31.1982828],[-90.5210204,31.1982441],[-90.5210208,31.1982105],[-90.5210144,31.198177],[-90.5210146,31.1981658],[-90.5210436,31.1981096],[-90.5210474,31.1980872],[-90.5210445,31.1980648],[-90.5210323,31.1980427],[-90.5210193,31.1980424],[-90.5210064,31.1980551],[-90.5209918,31.1980875],[-90.5209896,31.1981099],[-90.5209927,31.1981659],[-90.5209686,31.1982183],[-90.5209612,31.1982557],[-90.5209619,31.1982669],[-90.5209686,31.1982892],[-90.5209823,31.1983015]]}},{"type":"Feature","properties":{"id":"depth-6-005","depth_ft":6,"estimated":true,"length_m":40.3,"source_date":"2016-10","source":"MDWFP Lake Tangipahoa depth map","method":"Estimated midpoint between adjacent smoothed published depth boundaries"},"geometry":{"type":"LineString","coordinates":[[-90.5208578,31.1974046],[-90.5208597,31.197394],[-90.5208576,31.1973695],[-90.5208451,31.1973157],[-90.5208177,31.1972702],[-90.5208045,31.1972519],[-90.5207985,31.1972488],[-90.5207914,31.19724],[-90.5207886,31.1972601],[-90.5207912,31.1972937],[-90.5208052,31.1973418],[-90.5208185,31.1973687],[-90.5208317,31.1973876],[-90.5208448,31.1974],[-90.5208578,31.1974046]]}},{"type":"Feature","properties":{"id":"depth-8-001","depth_ft":8,"estimated":false,"length_m":6442.9,"source_date":"2016-10","source":"MDWFP Lake Tangipahoa depth map","method":"Published depth-band boundary, smoothed using a signed-distance field"},"geometry":{"type":"LineString","coordinates":[[-90.5239688,31.1876238],[-90.5239947,31.187602],[-90.5240205,31.1875672],[-90.5240634,31.187498],[-90.5241021,31.1874418],[-90.5241415,31.1873631],[-90.5241618,31.1873317],[-90.5241747,31.1873201],[-90.5241877,31.1873134],[-90.5242397,31.187303],[-90.5242657,31.1872955],[-90.5242876,31.1872839],[-90.5243018,31.1872726],[-90.5243221,31.1872501],[-90.5243372,31.1872276],[-90.5243913,31.1871153],[-90.5243956,31.1870816],[-90.5243894,31.1870481],[-90.5243815,31.1870257],[-90.5243532,31.1869699],[-90.5243087,31.1869142],[-90.5242947,31.1868919],[-90.5242858,31.1868695],[-90.5242609,31.1867801],[-90.5242549,31.1867242],[-90.5242562,31.1866234],[-90.5242631,31.1865897],[-90.524283,31.1865448],[-90.5243241,31.1864767],[-90.5243531,31.1864212],[-90.5243696,31.1863987],[-90.5243829,31.1863874],[-90.5244014,31.1863776],[-90.5244274,31.1863719],[-90.5244535,31.1863725],[-90.5245187,31.186384],[-90.5245578,31.1863883],[-90.5245968,31.1863869],[-90.5246228,31.1863799],[-90.5246358,31.1863731],[-90.5246563,31.1863522],[-90.5246993,31.1862735],[-90.524709,31.1862511],[-90.5247165,31.1862174],[-90.5247185,31.1861838],[-90.5247165,31.1859375],[-90.5247126,31.1858927],[-90.5246938,31.1858144],[-90.5246915,31.1857921],[-90.524692,31.1857585],[-90.5246952,31.1857361],[-90.5247111,31.1856688],[-90.5247294,31.1855455],[-90.5247489,31.185467],[-90.5247697,31.1853213],[-90.5247912,31.1852428],[-90.5248034,31.1852091],[-90.5248214,31.1851793],[-90.5248466,31.1851528],[-90.5248731,31.1851347],[-90.524899,31.1851221],[-90.5250418,31.1850664],[-90.5250808,31.1850541],[-90.5251458,31.1850414],[-90.5252369,31.1850301],[-90.5252629,31.1850243],[-90.5252823,31.1850158],[-90.5252972,31.1850045],[-90.5253123,31.184982],[-90.5253156,31.1849708],[-90.5253166,31.1849484],[-90.5252982,31.1848701],[-90.525222,31.184669],[-90.5252077,31.1846475],[-90.5251946,31.1846347],[-90.5251272,31.1845912],[-90.5251152,31.1845801],[-90.5251011,31.1845578],[-90.5250973,31.1845354],[-90.525099,31.1845242],[-90.5251036,31.184513],[-90.5251153,31.1844983],[-90.5251283,31.1844879],[-90.5251542,31.1844744],[-90.5252321,31.1844466],[-90.5253879,31.1843856],[-90.5254528,31.1843634],[-90.5254788,31.1843571],[-90.5255048,31.1843539],[-90.525596,31.1843565],[-90.525622,31.1843524],[-90.525648,31.1843445],[-90.5256869,31.1843242],[-90.5257386,31.1842813],[-90.5257516,31.1842736],[-90.5257775,31.184264],[-90.5258035,31.1842596],[-90.5258296,31.1842582],[-90.5258686,31.18426],[-90.5258947,31.1842644],[-90.5259208,31.184272],[-90.5259469,31.1842839],[-90.5259624,31.184295],[-90.5259732,31.1843061],[-90.5259865,31.1843285],[-90.5259955,31.184362],[-90.5259951,31.1843956],[-90.5259851,31.1844404],[-90.525949,31.1845526],[-90.5259364,31.1845827],[-90.5259235,31.1846019],[-90.5258762,31.1846539],[-90.5258581,31.1846876],[-90.5258484,31.1847212],[-90.5258321,31.1847997],[-90.5257889,31.1849232],[-90.5257689,31.1850129],[-90.5257347,31.1851251],[-90.5257295,31.1851587],[-90.5257298,31.1851811],[-90.5257331,31.1852038],[-90.5257437,31.185237],[-90.5257725,31.185304],[-90.5258007,31.1853822],[-90.5258334,31.1854492],[-90.5258496,31.1854939],[-90.5258563,31.1855274],[-90.5258638,31.1855946],[-90.525883,31.1856729],[-90.5259022,31.1858071],[-90.5259074,31.1858295],[-90.5259159,31.1858518],[-90.52593,31.1858741],[-90.5259409,31.1858853],[-90.5259569,31.1858964],[-90.5259732,31.1859034],[-90.5259993,31.1859092],[-90.5260254,31.1859112],[-90.5260644,31.1859103],[-90.5260905,31.1859072],[-90.5261165,31.1859012],[-90.5261424,31.1858909],[-90.5261813,31.1858648],[-90.5262099,31.1858388],[-90.5262588,31.1857864],[-90.5263009,31.1857487],[-90.5263173,31.1857262],[-90.5263274,31.1856926],[-90.526339,31.1856029],[-90.5263447,31.1854685],[-90.5263623,31.18539],[-90.5263798,31.1852107],[-90.5263992,31.185121],[-90.526405,31.1850426],[-90.5264121,31.185009],[-90.5264217,31.1849865],[-90.5264439,31.1849528],[-90.5265074,31.1848852],[-90.5265241,31.1848627],[-90.5265631,31.184787],[-90.5266288,31.1847053],[-90.5267175,31.1845575],[-90.5267353,31.1845143],[-90.5267447,31.1844694],[-90.5267483,31.1844246],[-90.5267494,31.1842902],[-90.5267521,31.1842678],[-90.5267583,31.1842454],[-90.5267695,31.1842229],[-90.5267864,31.1842004],[-90.5268194,31.1841666],[-90.5268702,31.1841204],[-90.5269128,31.1840877],[-90.5269609,31.1840654],[-90.5270128,31.1840477],[-90.5270908,31.1840287],[-90.5272077,31.1839932],[-90.5272597,31.1839826],[-90.5273768,31.1839751],[-90.5274549,31.1839611],[-90.5274809,31.1839589],[-90.52752,31.1839607],[-90.5275982,31.1839714],[-90.5276242,31.1839704],[-90.5277023,31.1839588],[-90.5277283,31.1839588],[-90.5277544,31.1839621],[-90.5277935,31.1839722],[-90.5278458,31.183992],[-90.527885,31.1840128],[-90.5279374,31.1840464],[-90.5279766,31.1840639],[-90.5280157,31.1840711],[-90.5280417,31.1840715],[-90.5280678,31.1840687],[-90.5281067,31.184057],[-90.5281586,31.1840244],[-90.5281845,31.184013],[-90.5282518,31.1840011],[-90.5282885,31.1839882],[-90.5283144,31.1839711],[-90.5283437,31.1839446],[-90.528366,31.1839183],[-90.5283845,31.1838883],[-90.5284066,31.1838434],[-90.5284197,31.1838097],[-90.5284445,31.1837312],[-90.5284865,31.1835742],[-90.528516,31.1834956],[-90.5285226,31.183462],[-90.528527,31.1833948],[-90.5285308,31.1833723],[-90.5285376,31.1833499],[-90.5285619,31.1832938],[-90.5285697,31.1832601],[-90.5285697,31.1832377],[-90.528566,31.1832154],[-90.5285306,31.1830924],[-90.5285242,31.1830588],[-90.5285216,31.1830141],[-90.5285203,31.1828685],[-90.5285235,31.1828013],[-90.5285425,31.1827116],[-90.528548,31.1825884],[-90.5285564,31.1825547],[-90.5285701,31.1825211],[-90.5286341,31.1823863],[-90.5286673,31.1823301],[-90.5287213,31.182229],[-90.5287453,31.1821952],[-90.5288199,31.1821025],[-90.5288382,31.1820827],[-90.5288525,31.1820714],[-90.5288724,31.1820601],[-90.5289366,31.1820377],[-90.5289886,31.1820262],[-90.5290926,31.1820141],[-90.5291446,31.1819994],[-90.5291953,31.1819797],[-90.5292171,31.1819684],[-90.5292354,31.1819551],[-90.5292534,31.1819346],[-90.5292844,31.1818784],[-90.5293254,31.1818202],[-90.5293383,31.1817946],[-90.5293486,31.181766],[-90.5293721,31.1816203],[-90.5294143,31.1814521],[-90.5294322,31.1813288],[-90.5294411,31.1812952],[-90.5294563,31.1812727],[-90.5295029,31.1812363],[-90.5295468,31.1811825],[-90.5296062,31.1811302],[-90.5296236,31.1811037],[-90.5296318,31.1810812],[-90.5296436,31.181014],[-90.5296575,31.1809579],[-90.5296617,31.1809243],[-90.5296629,31.1807227],[-90.5296671,31.1806891],[-90.5296828,31.1806218],[-90.5296856,31.1805882],[-90.5296853,31.1803978],[-90.5296884,31.180353],[-90.5296975,31.1803194],[-90.5297293,31.1802593],[-90.5297554,31.1801958],[-90.529768,31.180151],[-90.5297662,31.1801286],[-90.5297616,31.1801174],[-90.5297429,31.1800951],[-90.5297016,31.1800598],[-90.5296897,31.1800395],[-90.5296844,31.1800171],[-90.5296814,31.1799611],[-90.5296792,31.1796812],[-90.5296806,31.1796364],[-90.5296871,31.1795915],[-90.5297024,31.1795467],[-90.5297363,31.1794905],[-90.5297438,31.179468],[-90.5297562,31.179412],[-90.5297741,31.179369],[-90.529787,31.1793566],[-90.5298,31.1793566],[-90.5298262,31.1793677],[-90.5298392,31.1793708],[-90.5298522,31.1793702],[-90.5298652,31.179366],[-90.5298782,31.1793582],[-90.5299031,31.1793327],[-90.5299224,31.179299],[-90.5299406,31.1792541],[-90.529969,31.1791419],[-90.5299933,31.1790746],[-90.5300059,31.1790563],[-90.5300188,31.1790446],[-90.5300617,31.1790182],[-90.5300836,31.1790007],[-90.5300967,31.1789843],[-90.5301044,31.1789619],[-90.5301046,31.1789507],[-90.5300993,31.1789283],[-90.5300759,31.1788725],[-90.5300667,31.178839],[-90.5300518,31.1787047],[-90.5300509,31.1786711],[-90.5300568,31.1786375],[-90.5300674,31.1786155],[-90.5300803,31.1786002],[-90.5301151,31.1785699],[-90.5301307,31.1785474],[-90.5301337,31.1785362],[-90.5301329,31.1785138],[-90.5301249,31.1784915],[-90.5301052,31.1784633],[-90.530079,31.1784439],[-90.5300267,31.1784179],[-90.5300136,31.1784065],[-90.5300004,31.178389],[-90.5299606,31.1783007],[-90.5299215,31.1781904],[-90.529916,31.178168],[-90.5299162,31.1781456],[-90.5299192,31.1781344],[-90.5299386,31.1781007],[-90.529965,31.1780669],[-90.5299846,31.1780462],[-90.5300554,31.177988],[-90.5300696,31.1779655],[-90.5300746,31.1779431],[-90.5300737,31.1779207],[-90.5300583,31.1778536],[-90.530047,31.1777753],[-90.5300195,31.1776858],[-90.5299911,31.177574],[-90.5299877,31.1775293],[-90.5299913,31.1774845],[-90.529999,31.177462],[-90.5300164,31.1774395],[-90.5300445,31.1774197],[-90.5300834,31.1774012],[-90.5301874,31.1773707],[-90.5302652,31.1773346],[-90.5303041,31.1773212],[-90.5303691,31.1773083],[-90.5304603,31.1773048],[-90.5304992,31.177295],[-90.5305252,31.1772835],[-90.5305381,31.1772753],[-90.5305594,31.177257],[-90.5305994,31.177212],[-90.5306229,31.1771782],[-90.5306328,31.1771558],[-90.5306343,31.1771446],[-90.5306319,31.1771334],[-90.5306241,31.1771222],[-90.5306093,31.1771111],[-90.5305888,31.1771011],[-90.5305496,31.1770893],[-90.5304844,31.1770783],[-90.5304453,31.1770663],[-90.5303146,31.177009],[-90.5301969,31.1769535],[-90.5301708,31.1769366],[-90.5301577,31.1769252],[-90.5300835,31.1768568],[-90.5300649,31.1768345],[-90.5300261,31.1767644],[-90.5299859,31.1767006],[-90.5299742,31.1766671],[-90.5299686,31.1766335],[-90.529967,31.1765552],[-90.52998,31.1764207],[-90.5299992,31.176331],[-90.5300083,31.1762526],[-90.5300221,31.1761965],[-90.5300317,31.1761292],[-90.5300445,31.1760956],[-90.5300725,31.1760618],[-90.53015,31.1759946],[-90.5301759,31.1759765],[-90.5302018,31.175964],[-90.5302278,31.1759572],[-90.5302798,31.1759489],[-90.5303188,31.1759399],[-90.5303708,31.1759228],[-90.5304158,31.1759029],[-90.530448,31.1758803],[-90.5304959,31.1758353],[-90.5305261,31.1758123],[-90.530552,31.1757984],[-90.5306299,31.1757709],[-90.5306542,31.1757559],[-90.5306946,31.1757194],[-90.5307306,31.175677],[-90.5307492,31.1756433],[-90.5307697,31.1755872],[-90.5307908,31.1754863],[-90.5308135,31.175419],[-90.5308162,31.1753966],[-90.530815,31.1753854],[-90.5308089,31.175368],[-90.5307992,31.1753519],[-90.5307695,31.1753204],[-90.530717,31.1752789],[-90.5306778,31.175259],[-90.5305995,31.1752385],[-90.5305342,31.1752151],[-90.5305081,31.1752084],[-90.530469,31.1752041],[-90.53043,31.1752035],[-90.5303909,31.1752055],[-90.5303519,31.1752126],[-90.5303259,31.1752219],[-90.5302481,31.1752616],[-90.5302222,31.1752692],[-90.5301961,31.1752699],[-90.5301796,31.1752661],[-90.5301569,31.1752546],[-90.5301054,31.1752105],[-90.5300652,31.1751857],[-90.5299999,31.1751542],[-90.5299346,31.1751307],[-90.529902,31.1751222],[-90.5298694,31.1751165],[-90.529713,31.175105],[-90.5295957,31.175087],[-90.5294785,31.1750829],[-90.5293742,31.1750681],[-90.5293351,31.1750664],[-90.5292961,31.1750727],[-90.5291792,31.1751045],[-90.5291271,31.1751094],[-90.529062,31.1751084],[-90.5290099,31.1751008],[-90.5289316,31.1750821],[-90.5289055,31.1750709],[-90.5288662,31.1750485],[-90.528827,31.1750349],[-90.5286575,31.1750061],[-90.5286054,31.1750021],[-90.5285534,31.1750031],[-90.5285194,31.1750075],[-90.5284884,31.1750168],[-90.5284235,31.1750465],[-90.5283975,31.1750516],[-90.5283584,31.1750499],[-90.5283193,31.1750402],[-90.5282801,31.1750268],[-90.5281625,31.1749715],[-90.5281364,31.1749613],[-90.5281103,31.1749544],[-90.5279148,31.1749372],[-90.5277974,31.1749139],[-90.5277584,31.1749164],[-90.5276934,31.174932],[-90.5276674,31.1749335],[-90.5276413,31.1749307],[-90.5276152,31.1749236],[-90.5275891,31.1749118],[-90.5275236,31.1748661],[-90.5274975,31.1748567],[-90.5274584,31.1748506],[-90.5274193,31.1748504],[-90.5273543,31.1748597],[-90.5273152,31.1748628],[-90.527159,31.1748628],[-90.5271069,31.1748567],[-90.5270025,31.1748353],[-90.5268983,31.1748305],[-90.526794,31.1748141],[-90.5267028,31.1748087],[-90.5266637,31.1748042],[-90.5266116,31.1747943],[-90.5264942,31.1747659],[-90.526468,31.1747567],[-90.5263635,31.1747109],[-90.5263113,31.1746961],[-90.526181,31.1746861],[-90.5260897,31.1746665],[-90.5259724,31.1746539],[-90.5258681,31.174632],[-90.5257608,31.1746211],[-90.5256073,31.1745877],[-90.5254118,31.1745677],[-90.5253205,31.1745479],[-90.5252162,31.1745304],[-90.5247075,31.1744163],[-90.5245902,31.1743992],[-90.5245119,31.1743841],[-90.5244728,31.174379],[-90.5243426,31.1743721],[-90.5243165,31.174373],[-90.5242775,31.1743778],[-90.5241345,31.1744089],[-90.5240047,31.1744494],[-90.5239658,31.1744684],[-90.5238428,31.1745543],[-90.5238105,31.1745887],[-90.5237662,31.1746556],[-90.5237344,31.174723],[-90.5236934,31.1747904],[-90.5236838,31.1748129],[-90.5236816,31.1748241],[-90.5236839,31.1748465],[-90.5236956,31.1748698],[-90.5237134,31.1748911],[-90.5237727,31.1749467],[-90.5237914,31.174969],[-90.5238024,31.1749913],[-90.5238077,31.1750249],[-90.5238061,31.1751481],[-90.5237871,31.1752378],[-90.5237817,31.1753162],[-90.5237776,31.1753425],[-90.5237645,31.1753723],[-90.5237519,31.1753855],[-90.5237226,31.1754061],[-90.5237131,31.1754156],[-90.5237061,31.1754286],[-90.5237036,31.1754398],[-90.5237076,31.1755966],[-90.5237002,31.1756974],[-90.5237079,31.1757422],[-90.5237264,31.175798],[-90.5237437,31.1758315],[-90.5237687,31.175865],[-90.5238989,31.1759874],[-90.5239513,31.1760654],[-90.5240054,31.1761358],[-90.5240317,31.1761646],[-90.5240842,31.1762147],[-90.524132,31.1762771],[-90.5241808,31.1763328],[-90.5241954,31.1763551],[-90.5242293,31.1764221],[-90.5242687,31.1764864],[-90.5242818,31.1765035],[-90.5242949,31.1765158],[-90.5243211,31.176532],[-90.5243865,31.1765617],[-90.5245172,31.1766265],[-90.5245434,31.1766439],[-90.5245565,31.176658],[-90.5245673,31.1766776],[-90.5245732,31.1766999],[-90.5245801,31.1767895],[-90.5245938,31.1769014],[-90.5245992,31.1769237],[-90.5246096,31.1769461],[-90.5246373,31.1769792],[-90.5246897,31.1770277],[-90.524716,31.1770481],[-90.5247823,31.1770906],[-90.5247945,31.1771019],[-90.5248075,31.1771241],[-90.5248096,31.1771464],[-90.524806,31.1771689],[-90.52479,31.1772249],[-90.5247668,31.1772923],[-90.5247593,31.1773259],[-90.5247581,31.1773483],[-90.5247608,31.1773707],[-90.5247727,31.1774042],[-90.5247858,31.1774265],[-90.5248776,31.1775604],[-90.5249102,31.1776273],[-90.5249238,31.1776497],[-90.525074,31.1778442],[-90.5251397,31.1779215],[-90.5251588,31.1779506],[-90.5251719,31.1779841],[-90.5251849,31.178096],[-90.5251899,31.1781856],[-90.5252119,31.1782862],[-90.5252145,31.178331],[-90.5252139,31.178387],[-90.5252086,31.1784318],[-90.5251964,31.1784826],[-90.5251833,31.1785103],[-90.5251547,31.1785553],[-90.5251434,31.178589],[-90.5251395,31.1786338],[-90.5251385,31.1787458],[-90.5251343,31.1787794],[-90.5251173,31.1788579],[-90.5251133,31.1789699],[-90.5251138,31.1789923],[-90.5251179,31.1790146],[-90.5251445,31.1790817],[-90.5251504,31.179104],[-90.5251549,31.1791376],[-90.5251592,31.1795407],[-90.5251545,31.1795631],[-90.5251485,31.1795744],[-90.5251389,31.1795856],[-90.5250886,31.1796281],[-90.5250686,31.1796532],[-90.5250596,31.1796757],[-90.5250568,31.1796981],[-90.5250609,31.1797429],[-90.5250715,31.1797764],[-90.5251261,31.1798656],[-90.5251432,31.1799103],[-90.525149,31.1799551],[-90.5251521,31.1800783],[-90.5251562,31.1801118],[-90.5251617,31.1801342],[-90.5251767,31.1801677],[-90.5252237,31.1802234],[-90.5252313,31.1802457],[-90.5252295,31.1802905],[-90.5252088,31.1803803],[-90.5252004,31.1804587],[-90.5251871,31.1805308],[-90.5251744,31.1805647],[-90.5251615,31.180582],[-90.5251485,31.18059],[-90.5251355,31.1805897],[-90.5251224,31.1805827],[-90.5251093,31.1805704],[-90.5250829,31.1805335],[-90.5250434,31.1804485],[-90.524978,31.1803369],[-90.524964,31.1803238],[-90.524951,31.1803164],[-90.5249249,31.1803102],[-90.5248988,31.1803107],[-90.5248078,31.1803235],[-90.5247687,31.1803247],[-90.5247296,31.1803159],[-90.5246643,31.1802876],[-90.5246382,31.1802824],[-90.5245991,31.1802829],[-90.5245731,31.1802891],[-90.5245598,31.1802946],[-90.5245342,31.1803098],[-90.524475,31.1803511],[-90.5243657,31.1804048],[-90.5243527,31.1804083],[-90.5243267,31.1804092],[-90.5242484,31.1803924],[-90.5242354,31.1803926],[-90.5242094,31.1803978],[-90.5241705,31.1804151],[-90.5240927,31.1804614],[-90.523976,31.1805155],[-90.5239537,31.1805222],[-90.523937,31.1805248],[-90.5238979,31.1805248],[-90.5238719,31.1805272],[-90.5238459,31.1805361],[-90.5237707,31.1805793],[-90.5236634,31.1806584],[-90.5236386,31.1806809],[-90.5236131,31.1807188],[-90.5235929,31.1807596],[-90.5235604,31.1808382],[-90.5235235,31.1809178],[-90.523508,31.1809393],[-90.5234799,31.1809618],[-90.5234589,31.1809725],[-90.5234329,31.1809814],[-90.5234069,31.1809868],[-90.5233288,31.1809962],[-90.5232867,31.1810078],[-90.5232351,31.1810305],[-90.523212,31.1810436],[-90.5231602,31.1810787],[-90.5231343,31.1810894],[-90.5230692,31.1810936],[-90.5230432,31.1810999],[-90.5230173,31.1811145],[-90.5229771,31.1811441],[-90.5229374,31.1811667],[-90.5228747,31.1811975],[-90.5227579,31.1812457],[-90.5227206,31.1812688],[-90.5226674,31.181318],[-90.5226416,31.1813481],[-90.5226243,31.1813813],[-90.5225841,31.1814936],[-90.5225521,31.1815557],[-90.5225285,31.1815947],[-90.5224885,31.1816509],[-90.5224527,31.1817071],[-90.5224363,31.1817233],[-90.5224233,31.1817314],[-90.5223974,31.1817401],[-90.5223713,31.181743],[-90.5223323,31.1817417],[-90.522241,31.1817332],[-90.5220715,31.1816969],[-90.5219671,31.1816701],[-90.5219149,31.1816621],[-90.5218368,31.1816605],[-90.5217457,31.1816631],[-90.5217066,31.1816693],[-90.5216937,31.1816741],[-90.5216807,31.1816829],[-90.52167,31.1817007],[-90.5216682,31.1817119],[-90.5216775,31.1818126],[-90.5216962,31.1818909],[-90.5217064,31.1819468],[-90.521714,31.1819691],[-90.5217288,31.1819915],[-90.5217606,31.1820249],[-90.5217682,31.182036],[-90.5217908,31.1820919],[-90.5218013,31.1821071],[-90.5218145,31.1821178],[-90.5218275,31.1821246],[-90.5218928,31.1821486],[-90.5219302,31.1821694],[-90.5219583,31.1821923],[-90.5219715,31.182209],[-90.5219799,31.1822251],[-90.5219886,31.1822586],[-90.5219971,31.1823258],[-90.5220118,31.1823817],[-90.5220153,31.182404],[-90.5220222,31.1825496],[-90.5220268,31.182572],[-90.5220397,31.1825966],[-90.5220528,31.1826056],[-90.5220659,31.1826089],[-90.5221049,31.1826114],[-90.522118,31.1826145],[-90.5221311,31.1826211],[-90.5221442,31.1826324],[-90.5221836,31.1826776],[-90.5222229,31.1827085],[-90.5222622,31.1827286],[-90.5222752,31.1827321],[-90.5223013,31.1827329],[-90.5223532,31.18272],[-90.5223922,31.182704],[-90.5224066,31.1826928],[-90.5224155,31.1826816],[-90.5224308,31.1826534],[-90.5224433,31.1826366],[-90.5224566,31.1826251],[-90.5224756,31.182614],[-90.5225057,31.1826027],[-90.5225735,31.1825822],[-90.5227422,31.1825095],[-90.5227682,31.1825043],[-90.5227812,31.1825054],[-90.5228073,31.1825148],[-90.5228597,31.1825461],[-90.5229032,31.1825667],[-90.5229208,31.1825777],[-90.5229321,31.1825889],[-90.522945,31.1826112],[-90.5229517,31.1826335],[-90.5229549,31.1826671],[-90.5229511,31.1827007],[-90.5229393,31.1827316],[-90.5229264,31.1827505],[-90.5228682,31.1828132],[-90.522836,31.182837],[-90.522823,31.1828419],[-90.52281,31.1828435],[-90.5227969,31.1828363],[-90.5227935,31.1828249],[-90.5227975,31.1827689],[-90.5227907,31.1827353],[-90.5227788,31.182713],[-90.5227692,31.1827018],[-90.5227547,31.1826907],[-90.5227305,31.1826794],[-90.5226522,31.1826517],[-90.5226261,31.1826447],[-90.5226131,31.1826438],[-90.5226,31.1826457],[-90.5225871,31.1826504],[-90.5225741,31.1826584],[-90.5225504,31.1826808],[-90.5225434,31.182692],[-90.5225402,31.1827032],[-90.5225433,31.1827256],[-90.5225659,31.1827815],[-90.5225794,31.1828038],[-90.5225896,31.1828149],[-90.5226146,31.1828341],[-90.5227099,31.1828926],[-90.5227229,31.1829037],[-90.5227306,31.1829148],[-90.5227342,31.182926],[-90.5227345,31.1829372],[-90.5227311,31.1829484],[-90.5227198,31.1829586],[-90.5227068,31.1829621],[-90.5226548,31.1829675],[-90.5226288,31.1829784],[-90.5226159,31.1829888],[-90.5225493,31.1830727],[-90.5225361,31.1830952],[-90.5225348,31.1831064],[-90.5225385,31.1831176],[-90.5225485,31.1831287],[-90.5226022,31.183162],[-90.5226174,31.1831762],[-90.5226285,31.1831954],[-90.5226342,31.1832178],[-90.5226376,31.1832737],[-90.5226372,31.1833857],[-90.522633,31.1834193],[-90.5226171,31.1834866],[-90.5226097,31.1835427],[-90.5226019,31.1835651],[-90.5225947,31.1835763],[-90.5225827,31.1835876],[-90.5225298,31.1836146],[-90.5225039,31.1836316],[-90.5224814,31.1836554],[-90.5224658,31.1836779],[-90.522447,31.1837116],[-90.5224327,31.1837453],[-90.5224142,31.1838154],[-90.5224036,31.1838463],[-90.5223745,31.1839136],[-90.5223542,31.1839473],[-90.5223244,31.1839786],[-90.5222856,31.1840091],[-90.5222467,31.1840321],[-90.5222078,31.1840511],[-90.5221948,31.1840512],[-90.5221817,31.1840377],[-90.5221676,31.1839933],[-90.5221623,31.1839373],[-90.5221591,31.1837693],[-90.5221532,31.1837246],[-90.5221398,31.1836978],[-90.5221267,31.1836856],[-90.5221136,31.1836786],[-90.5221006,31.1836747],[-90.5220745,31.1836729],[-90.5220362,31.1836805],[-90.5219966,31.1836966],[-90.5219058,31.1837408],[-90.5218798,31.1837497],[-90.5218538,31.1837532],[-90.5218408,31.1837524],[-90.5218147,31.1837458],[-90.5217363,31.1837099],[-90.5216971,31.183697],[-90.521671,31.1836927],[-90.521645,31.183692],[-90.5215929,31.1836988],[-90.5215149,31.1837149],[-90.521489,31.1837239],[-90.521476,31.183732],[-90.5214631,31.1837452],[-90.5214375,31.1837962],[-90.5214194,31.1838186],[-90.5213993,31.1838299],[-90.5213857,31.1838338],[-90.5213597,31.1838372],[-90.5213336,31.1838363],[-90.5213081,31.1838305],[-90.5212944,31.1838249],[-90.5212421,31.1837963],[-90.5212029,31.183781],[-90.5211769,31.1837779],[-90.5211248,31.1837862],[-90.5211165,31.1837644],[-90.5210987,31.1836638],[-90.5210731,31.1835743],[-90.5210621,31.183552],[-90.5210447,31.1835361],[-90.5210316,31.1835304],[-90.5210055,31.1835271],[-90.5209405,31.1835337],[-90.5209014,31.1835317],[-90.5208492,31.1835217],[-90.520784,31.1835042],[-90.5207579,31.1835005],[-90.5207319,31.1835042],[-90.520721,31.1835093],[-90.5207064,31.1835206],[-90.5206972,31.1835318],[-90.5206775,31.1835655],[-90.5206547,31.1836195],[-90.5206273,31.1837002],[-90.5206195,31.183745],[-90.5206228,31.1837898],[-90.5206358,31.1838345],[-90.5206568,31.1838818],[-90.52067,31.1839011],[-90.5206827,31.1839126],[-90.5206962,31.1839201],[-90.5207223,31.1839258],[-90.5207483,31.1839233],[-90.5207743,31.1839152],[-90.5208262,31.1838944],[-90.5208594,31.183878],[-90.5208781,31.1838648],[-90.520924,31.1838216],[-90.5209428,31.1838126],[-90.5209558,31.1838104],[-90.5209818,31.183812],[-90.5210121,31.1838211],[-90.52107,31.1838543],[-90.5210734,31.1838613],[-90.5210752,31.1838767],[-90.5210745,31.1839439],[-90.5210614,31.1840223],[-90.5210584,31.1841007],[-90.5210457,31.1841792],[-90.5210423,31.18428],[-90.5210342,31.1843584],[-90.521037,31.1844032],[-90.5210449,31.1844256],[-90.5210629,31.1844478],[-90.5211245,31.1844923],[-90.52121,31.1845813],[-90.5212218,31.1846037],[-90.5212235,31.184626],[-90.5212187,31.1846485],[-90.5212055,31.1846821],[-90.5211522,31.1847833],[-90.5211249,31.1848506],[-90.5210967,31.1849292],[-90.5210714,31.1850301],[-90.5210546,31.1850638],[-90.5210442,31.1850763],[-90.5210183,31.185095],[-90.5209631,31.1851203],[-90.5209016,31.1851556],[-90.5208233,31.1851884],[-90.5207946,31.1852109],[-90.5207849,31.1852226],[-90.5207722,31.1852447],[-90.5207176,31.1854018],[-90.520682,31.1855252],[-90.5206619,31.1856373],[-90.5206459,31.1857045],[-90.5206423,31.1857606],[-90.5206463,31.1857932],[-90.5206572,31.1858053],[-90.5206725,31.1858069],[-90.5206985,31.1858035],[-90.5207245,31.1858034],[-90.5207376,31.1858062],[-90.5207506,31.1858123],[-90.5207638,31.1858235],[-90.5207798,31.1858493],[-90.5208246,31.185961],[-90.5208325,31.1859722],[-90.5208432,31.1859814],[-90.5208562,31.1859865],[-90.5208693,31.1859874],[-90.5208823,31.1859855],[-90.5209082,31.1859756],[-90.5209324,31.1859604],[-90.5209455,31.1859491],[-90.5209645,31.1859266],[-90.5209985,31.1858676],[-90.5210198,31.1858367],[-90.5211237,31.1857129],[-90.5211404,31.1856973],[-90.5211663,31.1856793],[-90.5211922,31.1856664],[-90.5212182,31.1856566],[-90.5212572,31.1856489],[-90.5212832,31.1856494],[-90.5213224,31.1856566],[-90.5213746,31.1856724],[-90.5214007,31.1856868],[-90.5214139,31.185699],[-90.5214439,31.1857445],[-90.5214636,31.1857668],[-90.5214796,31.1857767],[-90.5214927,31.185781],[-90.5215057,31.185783],[-90.5215317,31.1857819],[-90.5216097,31.1857628],[-90.5216357,31.1857524],[-90.5216615,31.1857333],[-90.5216821,31.1857095],[-90.5217236,31.1856533],[-90.5217457,31.1856195],[-90.5217571,31.1855971],[-90.5217648,31.1855746],[-90.5217835,31.1854961],[-90.5217983,31.1854624],[-90.5218154,31.1854321],[-90.5218411,31.1853993],[-90.5218928,31.185346],[-90.5219057,31.1853371],[-90.5219188,31.1853353],[-90.5219319,31.1853482],[-90.5219363,31.1853608],[-90.5219531,31.1854503],[-90.5219726,31.1855174],[-90.5219775,31.1855509],[-90.5219807,31.1856517],[-90.5219844,31.1856853],[-90.52199,31.1857076],[-90.5220145,31.1857747],[-90.522026,31.185853],[-90.5220323,31.1858753],[-90.5220405,31.1858893],[-90.5220536,31.185899],[-90.5220666,31.185902],[-90.5220796,31.1859013],[-90.5220926,31.1858976],[-90.5221127,31.1858861],[-90.5221315,31.1858699],[-90.5221444,31.1858552],[-90.5221613,31.1858298],[-90.5221763,31.1857961],[-90.5222116,31.1856951],[-90.5222239,31.185639],[-90.5222265,31.1855942],[-90.5222253,31.1854823],[-90.5222138,31.1853815],[-90.5222055,31.1852808],[-90.522195,31.1852361],[-90.5221888,31.1852249],[-90.5221782,31.1852149],[-90.5221652,31.1852114],[-90.5221262,31.1852186],[-90.5221131,31.1852193],[-90.5221001,31.1852169],[-90.522087,31.1852105],[-90.5220704,31.185192],[-90.5220598,31.1851585],[-90.5220439,31.1850018],[-90.5220469,31.1849682],[-90.5220594,31.1849233],[-90.5221067,31.1848223],[-90.5221422,31.1847661],[-90.5221484,31.1847503],[-90.5221497,31.1847324],[-90.5221459,31.1847213],[-90.5221366,31.1847101],[-90.522122,31.1847028],[-90.5221089,31.1847003],[-90.5220829,31.1847031],[-90.522063,31.1847106],[-90.5220438,31.1847219],[-90.5220052,31.1847526],[-90.5219922,31.1847598],[-90.5219792,31.1847637],[-90.5219532,31.1847638],[-90.521901,31.1847579],[-90.521836,31.1847625],[-90.5218099,31.1847615],[-90.5217884,31.184757],[-90.5217547,31.184746],[-90.5217316,31.1847334],[-90.5217248,31.1847238],[-90.5217217,31.1847126],[-90.5217209,31.184679],[-90.5217399,31.1844998],[-90.5217558,31.1844325],[-90.5217681,31.1843428],[-90.5217828,31.1843091],[-90.5217931,31.1842962],[-90.521806,31.1842861],[-90.521819,31.1842805],[-90.521845,31.1842768],[-90.5219883,31.1842833],[-90.5221318,31.1843122],[-90.522171,31.1843263],[-90.5221972,31.1843428],[-90.5222221,31.1843625],[-90.5222952,31.1844292],[-90.5223807,31.184498],[-90.5224069,31.1845133],[-90.5224853,31.184551],[-90.5225639,31.1845993],[-90.5226423,31.1846372],[-90.5226685,31.1846566],[-90.5227079,31.1846947],[-90.522721,31.1847045],[-90.5227904,31.1847398],[-90.5228054,31.1847509],[-90.5228106,31.184762],[-90.5228121,31.1848068],[-90.5228177,31.1848292],[-90.5228307,31.1848515],[-90.5228394,31.1848601],[-90.5228525,31.1848664],[-90.5228655,31.1848661],[-90.5228785,31.1848541],[-90.5228825,31.18484],[-90.5228823,31.1848176],[-90.522878,31.1848023],[-90.5228674,31.1847841],[-90.5228398,31.1847507],[-90.5228376,31.1847395],[-90.5228396,31.1847283],[-90.522915,31.1845474],[-90.5229856,31.1843466],[-90.523008,31.1842681],[-90.5230193,31.1842457],[-90.5230297,31.1842321],[-90.5230426,31.1842211],[-90.5230685,31.1842107],[-90.5231596,31.1841923],[-90.5231856,31.1841904],[-90.5232117,31.1841966],[-90.5232509,31.1842221],[-90.5232728,31.1842329],[-90.5232901,31.1842383],[-90.5233162,31.1842425],[-90.5233553,31.1842404],[-90.5233813,31.1842332],[-90.5234202,31.1842179],[-90.5234462,31.1842135],[-90.5234592,31.1842149],[-90.5235114,31.1842288],[-90.5235765,31.1842267],[-90.5235992,31.184231],[-90.5236157,31.1842395],[-90.52363,31.1842532],[-90.5236593,31.1842978],[-90.5236788,31.1843201],[-90.523696,31.1843312],[-90.5237207,31.1843396],[-90.5237598,31.1843426],[-90.5237858,31.1843388],[-90.5238637,31.1843093],[-90.5238897,31.1843091],[-90.5239028,31.1843134],[-90.5239254,31.1843298],[-90.5239421,31.1843497],[-90.5240081,31.1844573],[-90.5240213,31.1844734],[-90.5240562,31.1845081],[-90.5240739,31.1845423],[-90.5240868,31.1845863],[-90.5240928,31.1846311],[-90.524095,31.1847543],[-90.5240916,31.1848103],[-90.5240851,31.1848327],[-90.5240709,31.1848552],[-90.5240506,31.1848732],[-90.5239988,31.1849066],[-90.5239729,31.1849271],[-90.523956,31.1849455],[-90.5239356,31.1849792],[-90.5238818,31.1850915],[-90.523868,31.1851252],[-90.5238424,31.1852037],[-90.5238178,31.1853046],[-90.5237503,31.1854954],[-90.5237305,31.1855372],[-90.52369,31.1856078],[-90.523637,31.1856865],[-90.5236266,31.1857201],[-90.5236254,31.1857537],[-90.5236389,31.1858544],[-90.5236562,31.1859215],[-90.5236683,31.1859886],[-90.5236832,31.1860445],[-90.5236945,31.1861229],[-90.5237028,31.1861452],[-90.5237105,31.1861563],[-90.5237237,31.1861675],[-90.5237487,31.1861775],[-90.5237748,31.186181],[-90.5238008,31.1861796],[-90.5238268,31.1861716],[-90.5238397,31.186164],[-90.5238527,31.1861535],[-90.5238914,31.1861135],[-90.5239173,31.1860943],[-90.5239303,31.1860895],[-90.5239433,31.1860899],[-90.5239564,31.1860995],[-90.5239617,31.18611],[-90.5239702,31.1861436],[-90.5239748,31.1862219],[-90.5239709,31.1862668],[-90.5239543,31.1863452],[-90.5239525,31.18639],[-90.5239543,31.186446],[-90.5239635,31.1864908],[-90.5239923,31.1865466],[-90.5240012,31.1865689],[-90.5240036,31.1865913],[-90.5240017,31.1866025],[-90.523991,31.186625],[-90.5239711,31.1866475],[-90.5239351,31.1866781],[-90.5239092,31.1866953],[-90.5238703,31.1867142],[-90.5238183,31.1867345],[-90.5237794,31.1867438],[-90.5237403,31.1867489],[-90.5237013,31.1867488],[-90.5236621,31.1867385],[-90.523636,31.1867244],[-90.5235443,31.1866648],[-90.5235182,31.186652],[-90.5234921,31.186647],[-90.5234791,31.1866485],[-90.5234661,31.1866535],[-90.5234531,31.1866623],[-90.5234402,31.1866756],[-90.5233649,31.1867855],[-90.5233107,31.186853],[-90.5232997,31.1868755],[-90.5232929,31.1868979],[-90.5232759,31.1869652],[-90.5232722,31.1869989],[-90.5232744,31.1870212],[-90.5232804,31.1870436],[-90.5233315,31.1871665],[-90.5233451,31.1871888],[-90.5233664,31.1872061],[-90.5233925,31.1872153],[-90.523536,31.1872424],[-90.5236274,31.1872747],[-90.5236535,31.1872793],[-90.5237317,31.1872875],[-90.5237578,31.1872965],[-90.5237766,31.1873093],[-90.5237874,31.1873205],[-90.5238026,31.1873428],[-90.5238437,31.1874209],[-90.523872,31.1874991],[-90.5238915,31.1875662],[-90.5239064,31.1875997],[-90.5239167,31.1876152],[-90.5239298,31.187627],[-90.5239429,31.1876313],[-90.5239559,31.1876297],[-90.5239688,31.1876238]]}},{"type":"Feature","properties":{"id":"depth-8-002","depth_ft":8,"estimated":false,"length_m":281.8,"source_date":"2016-10","source":"MDWFP Lake Tangipahoa depth map","method":"Published depth-band boundary, smoothed using a signed-distance field"},"geometry":{"type":"LineString","coordinates":[[-90.5205266,31.187087],[-90.5205396,31.187082],[-90.5205573,31.1870712],[-90.5205703,31.18706],[-90.5205885,31.1870375],[-90.5206034,31.1870038],[-90.5206093,31.186959],[-90.5206055,31.1863431],[-90.5206077,31.1862983],[-90.5206151,31.186231],[-90.5206154,31.1861863],[-90.5206098,31.1861303],[-90.5205965,31.1860672],[-90.5205833,31.1860472],[-90.5205702,31.1860427],[-90.5205442,31.1860465],[-90.5205052,31.1860572],[-90.5204922,31.1860636],[-90.5204777,31.1860751],[-90.5204598,31.1860976],[-90.5204407,31.1861315],[-90.5204079,31.1861987],[-90.5203901,31.1862436],[-90.5203745,31.1862997],[-90.5203674,31.1864117],[-90.5203386,31.1865127],[-90.52033,31.1866023],[-90.5203122,31.1866808],[-90.5202967,31.1867929],[-90.5202901,31.1868224],[-90.5202839,31.1868377],[-90.5202772,31.1868484],[-90.5202643,31.1868583],[-90.5202513,31.186862],[-90.5202383,31.1868626],[-90.5201992,31.1868587],[-90.5201862,31.1868588],[-90.5201732,31.1868618],[-90.5201602,31.18687],[-90.5201507,31.1868833],[-90.5201457,31.1868946],[-90.520141,31.186917],[-90.5201421,31.1869394],[-90.5201479,31.186955],[-90.520161,31.1869715],[-90.5201824,31.1869839],[-90.5202133,31.1869907],[-90.5202915,31.1869945],[-90.5203566,31.1870052],[-90.5203828,31.1870161],[-90.5203959,31.1870254],[-90.5204353,31.1870661],[-90.5204615,31.1870837],[-90.5204876,31.1870906],[-90.5205136,31.18709],[-90.5205266,31.187087]]}},{"type":"Feature","properties":{"id":"depth-8-003","depth_ft":8,"estimated":false,"length_m":248.4,"source_date":"2016-10","source":"MDWFP Lake Tangipahoa depth map","method":"Published depth-band boundary, smoothed using a signed-distance field"},"geometry":{"type":"LineString","coordinates":[[-90.5216158,31.1833037],[-90.5216417,31.1832958],[-90.5216676,31.1832783],[-90.5216935,31.1832551],[-90.5217437,31.1832008],[-90.5217906,31.1831557],[-90.5219445,31.1829756],[-90.5219578,31.1829531],[-90.521964,31.1829307],[-90.521964,31.1829083],[-90.5219605,31.1828859],[-90.5219326,31.1827853],[-90.5219137,31.1826846],[-90.521895,31.1826175],[-90.5218714,31.1824833],[-90.5218472,31.1824051],[-90.5218361,31.1823827],[-90.5218269,31.1823716],[-90.5218128,31.1823605],[-90.5217772,31.1823449],[-90.5217381,31.1823376],[-90.5216991,31.1823387],[-90.5216731,31.1823461],[-90.5216601,31.1823533],[-90.5216409,31.1823727],[-90.5216226,31.1824064],[-90.5215969,31.1824738],[-90.5215568,31.1825412],[-90.5215486,31.1825636],[-90.5215418,31.1825973],[-90.521539,31.1826533],[-90.5215394,31.1828996],[-90.5215352,31.1829333],[-90.5215195,31.1830005],[-90.5215167,31.1830342],[-90.5215172,31.1831685],[-90.5215198,31.1832245],[-90.5215278,31.183258],[-90.5215374,31.1832744],[-90.5215505,31.1832872],[-90.5215767,31.1833],[-90.5216027,31.1833043],[-90.5216158,31.1833037]]}},{"type":"Feature","properties":{"id":"depth-8-004","depth_ft":8,"estimated":false,"length_m":180.0,"source_date":"2016-10","source":"MDWFP Lake Tangipahoa depth map","method":"Published depth-band boundary, smoothed using a signed-distance field"},"geometry":{"type":"LineString","coordinates":[[-90.5198429,31.1878833],[-90.5198558,31.187871],[-90.5198686,31.1878485],[-90.5198828,31.1878144],[-90.5198933,31.1877807],[-90.5199192,31.1876594],[-90.5199339,31.1875453],[-90.5199568,31.1874778],[-90.5199865,31.1873434],[-90.5199964,31.1872762],[-90.5200112,31.1872201],[-90.5200151,31.1871865],[-90.5200143,31.1871641],[-90.5200084,31.1871417],[-90.5200061,31.1871381],[-90.5199931,31.1871349],[-90.5199801,31.1871416],[-90.5199672,31.1871551],[-90.5199543,31.1871762],[-90.5199333,31.1872542],[-90.519886,31.1873552],[-90.519878,31.1873913],[-90.5198634,31.1875458],[-90.5198362,31.1876243],[-90.5198206,31.187658],[-90.5197637,31.1877479],[-90.51975,31.1877816],[-90.5197477,31.187804],[-90.5197525,31.1878264],[-90.5197645,31.1878487],[-90.5197776,31.1878646],[-90.5198001,31.1878821],[-90.5198169,31.1878883],[-90.5198299,31.1878883],[-90.5198429,31.1878833]]}},{"type":"Feature","properties":{"id":"depth-8-005","depth_ft":8,"estimated":false,"length_m":122.7,"source_date":"2016-10","source":"MDWFP Lake Tangipahoa depth map","method":"Published depth-band boundary, smoothed using a signed-distance field"},"geometry":{"type":"LineString","coordinates":[[-90.5234384,31.184848],[-90.5235034,31.1848353],[-90.5235293,31.1848255],[-90.5235426,31.1848136],[-90.5235537,31.1847911],[-90.523558,31.1847687],[-90.5235638,31.1846903],[-90.5235797,31.184623],[-90.5235828,31.1846006],[-90.5235825,31.1844886],[-90.5235941,31.1844102],[-90.5235927,31.184399],[-90.5235872,31.1843878],[-90.5235778,31.184379],[-90.5235647,31.1843742],[-90.5235517,31.1843738],[-90.5235387,31.1843775],[-90.523525,31.1843882],[-90.5235129,31.1844071],[-90.523481,31.184478],[-90.5234666,31.1845005],[-90.5234273,31.1845455],[-90.5234199,31.1845568],[-90.5234107,31.1845792],[-90.5234059,31.1846129],[-90.5234031,31.1846913],[-90.5233882,31.1847697],[-90.5233885,31.1848033],[-90.5233945,31.1848257],[-90.5234002,31.1848369],[-90.5234123,31.1848474],[-90.5234253,31.1848497],[-90.5234384,31.184848]]}},{"type":"Feature","properties":{"id":"depth-8-006","depth_ft":8,"estimated":false,"length_m":119.5,"source_date":"2016-10","source":"MDWFP Lake Tangipahoa depth map","method":"Published depth-band boundary, smoothed using a signed-distance field"},"geometry":{"type":"LineString","coordinates":[[-90.5200184,31.1886453],[-90.5200467,31.1886309],[-90.5200594,31.1886196],[-90.5200701,31.188606],[-90.5200828,31.1885747],[-90.5200848,31.188541],[-90.5200767,31.1884739],[-90.5200716,31.1883955],[-90.5200637,31.188362],[-90.520055,31.1883464],[-90.5200419,31.1883332],[-90.5200288,31.1883254],[-90.5200027,31.1883193],[-90.5199897,31.1883203],[-90.5199767,31.1883244],[-90.5199637,31.1883329],[-90.5199568,31.1883403],[-90.5199435,31.1883627],[-90.5199101,31.1884413],[-90.5198956,31.1884638],[-90.5198738,31.1884845],[-90.5198608,31.1884921],[-90.5198349,31.1885013],[-90.5197568,31.1885135],[-90.5197238,31.1885208],[-90.5196952,31.1885322],[-90.5196861,31.1885434],[-90.5196907,31.1885546],[-90.5197043,31.1885657],[-90.5197261,31.1885768],[-90.5197444,31.1885828],[-90.5198357,31.1886043],[-90.5199663,31.1886474],[-90.5199923,31.1886497],[-90.5200184,31.1886453]]}},{"type":"Feature","properties":{"id":"depth-8-007","depth_ft":8,"estimated":false,"length_m":102.9,"source_date":"2016-10","source":"MDWFP Lake Tangipahoa depth map","method":"Published depth-band boundary, smoothed using a signed-distance field"},"geometry":{"type":"LineString","coordinates":[[-90.5245139,31.1873947],[-90.5245398,31.1873831],[-90.5245528,31.1873721],[-90.5245786,31.1873396],[-90.5246177,31.1872707],[-90.5246263,31.1872482],[-90.5246317,31.1872258],[-90.5246373,31.1871474],[-90.524645,31.1870913],[-90.524644,31.1870689],[-90.5246402,31.1870578],[-90.5246326,31.1870466],[-90.5246193,31.1870355],[-90.5246021,31.1870268],[-90.524576,31.1870199],[-90.5245499,31.1870192],[-90.5245369,31.1870215],[-90.524511,31.187033],[-90.524498,31.1870427],[-90.5244718,31.18707],[-90.5244556,31.1870925],[-90.52445,31.1871037],[-90.5244443,31.1871261],[-90.5244422,31.1871821],[-90.5244288,31.1872494],[-90.5244269,31.1872718],[-90.5244288,31.1873166],[-90.524435,31.1873502],[-90.5244462,31.1873725],[-90.5244618,31.1873862],[-90.5244879,31.1873955],[-90.5245139,31.1873947]]}},{"type":"Feature","properties":{"id":"depth-8-008","depth_ft":8,"estimated":false,"length_m":68.6,"source_date":"2016-10","source":"MDWFP Lake Tangipahoa depth map","method":"Published depth-band boundary, smoothed using a signed-distance field"},"geometry":{"type":"LineString","coordinates":[[-90.5245333,31.182568],[-90.5245136,31.1825733],[-90.5245006,31.1825738],[-90.5244747,31.1825683],[-90.5244615,31.1825616],[-90.5244422,31.1825461],[-90.5244234,31.1825239],[-90.5244097,31.1825015],[-90.5244005,31.1824792],[-90.5243962,31.1824456],[-90.5243994,31.1824232],[-90.5244071,31.1824008],[-90.5244198,31.1823783],[-90.5244298,31.182367],[-90.5244455,31.1823557],[-90.5244597,31.1823502],[-90.5244727,31.1823477],[-90.5244988,31.182348],[-90.5245249,31.1823552],[-90.524538,31.1823626],[-90.5245511,31.1823736],[-90.524563,31.1823886],[-90.5245837,31.1824333],[-90.5245891,31.1824557],[-90.5245901,31.1824781],[-90.5245823,31.1825117],[-90.5245625,31.1825454],[-90.5245517,31.1825567],[-90.5245333,31.182568]]}},{"type":"Feature","properties":{"id":"depth-8-009","depth_ft":8,"estimated":false,"length_m":47.2,"source_date":"2016-10","source":"MDWFP Lake Tangipahoa depth map","method":"Published depth-band boundary, smoothed using a signed-distance field"},"geometry":{"type":"LineString","coordinates":[[-90.5190023,31.1886123],[-90.5190153,31.1886022],[-90.519041,31.1885661],[-90.5190691,31.1885136],[-90.5190775,31.1884911],[-90.5190775,31.1884687],[-90.5190726,31.1884576],[-90.5190661,31.1884488],[-90.519053,31.1884402],[-90.51904,31.1884379],[-90.519027,31.1884411],[-90.519014,31.1884494],[-90.5190011,31.1884635],[-90.5189903,31.1884804],[-90.5189754,31.1885141],[-90.5189701,31.1885366],[-90.5189683,31.188559],[-90.518973,31.1885925],[-90.5189774,31.1886037],[-90.5189893,31.1886148],[-90.5190023,31.1886123]]}},{"type":"Feature","properties":{"id":"depth-8-010","depth_ft":8,"estimated":false,"length_m":35.3,"source_date":"2016-10","source":"MDWFP Lake Tangipahoa depth map","method":"Published depth-band boundary, smoothed using a signed-distance field"},"geometry":{"type":"LineString","coordinates":[[-90.5229796,31.1831821],[-90.522956,31.1831877],[-90.52293,31.1831866],[-90.5229156,31.1831825],[-90.522897,31.1831714],[-90.5228864,31.1831603],[-90.5228804,31.1831491],[-90.5228779,31.1831379],[-90.5228794,31.1831267],[-90.5228872,31.1831155],[-90.5229132,31.1831041],[-90.5229423,31.1831005],[-90.5229684,31.1831034],[-90.5229914,31.1831148],[-90.5230024,31.183126],[-90.5230077,31.1831349],[-90.5230111,31.1831483],[-90.5230086,31.1831595],[-90.5229994,31.1831708],[-90.5229796,31.1831821]]}},{"type":"Feature","properties":{"id":"depth-8-011","depth_ft":8,"estimated":false,"length_m":10.1,"source_date":"2016-10","source":"MDWFP Lake Tangipahoa depth map","method":"Published depth-band boundary, smoothed using a signed-distance field"},"geometry":{"type":"LineString","coordinates":[[-90.5205392,31.1966568],[-90.5205437,31.1966457],[-90.520539,31.1966378],[-90.5205259,31.1966279],[-90.5205129,31.1966269],[-90.52051,31.1966347],[-90.5205154,31.1966458],[-90.5205262,31.1966536],[-90.5205392,31.1966568]]}},{"type":"Feature","properties":{"id":"depth-10-001","depth_ft":10,"estimated":true,"length_m":3995.7,"source_date":"2016-10","source":"MDWFP Lake Tangipahoa depth map","method":"Estimated midpoint between adjacent smoothed published depth boundaries"},"geometry":{"type":"LineString","coordinates":[[-90.5246431,31.1840808],[-90.5246691,31.1840688],[-90.524695,31.1840514],[-90.5247208,31.1840301],[-90.524752,31.184],[-90.5247712,31.1839775],[-90.5247846,31.183955],[-90.5247885,31.1839438],[-90.5247897,31.1839214],[-90.5247836,31.183899],[-90.5247733,31.1838767],[-90.5246791,31.183703],[-90.5245566,31.1834637],[-90.524543,31.1834302],[-90.5245384,31.1833966],[-90.5245431,31.1833742],[-90.5245536,31.1833517],[-90.5247125,31.1830932],[-90.5247509,31.1830258],[-90.5247664,31.1829921],[-90.5247735,31.1829697],[-90.5247753,31.1829472],[-90.5247727,31.1829361],[-90.5247666,31.1829249],[-90.524756,31.1829138],[-90.5247377,31.1829009],[-90.524507,31.1827809],[-90.524437,31.1827512],[-90.5242933,31.1826967],[-90.524228,31.1826736],[-90.5241496,31.1826494],[-90.5241236,31.1826377],[-90.5241104,31.1826271],[-90.524102,31.1826154],[-90.5240945,31.182593],[-90.5240922,31.1825707],[-90.5241014,31.1822794],[-90.5240948,31.1821115],[-90.5240987,31.1820779],[-90.5241065,31.1820555],[-90.5241276,31.1820217],[-90.5241582,31.181988],[-90.5241961,31.1819538],[-90.5243254,31.181847],[-90.5243772,31.1818061],[-90.5244419,31.1817604],[-90.5244937,31.1817267],[-90.5245349,31.1817057],[-90.5245669,31.1816943],[-90.5246105,31.1816828],[-90.5248445,31.181633],[-90.5248836,31.1816298],[-90.5249096,31.1816336],[-90.5249227,31.1816378],[-90.5249488,31.1816504],[-90.5249881,31.1816758],[-90.5254072,31.1819758],[-90.5255906,31.1821036],[-90.5256037,31.182115],[-90.5256213,31.1821359],[-90.5256334,31.1821582],[-90.5256414,31.1821805],[-90.5256521,31.1822253],[-90.5256971,31.1824601],[-90.5257077,31.1824937],[-90.5257257,31.1825272],[-90.5257608,31.1825717],[-90.5262239,31.1831108],[-90.5262632,31.1831498],[-90.5262825,31.1831621],[-90.5263025,31.18317],[-90.5263286,31.1831746],[-90.5263806,31.1831751],[-90.5265759,31.1831657],[-90.526706,31.1831552],[-90.5268101,31.1831422],[-90.5270831,31.1830935],[-90.5271482,31.1830873],[-90.5272003,31.1830925],[-90.5274351,31.1831414],[-90.5275134,31.1831548],[-90.5275785,31.1831593],[-90.5276175,31.1831544],[-90.5276565,31.1831384],[-90.5277212,31.1830945],[-90.5278247,31.1830154],[-90.5279153,31.1829376],[-90.5279798,31.1828749],[-90.5280315,31.182818],[-90.528083,31.1827536],[-90.5281371,31.1826805],[-90.5281585,31.1826467],[-90.5281753,31.182613],[-90.5281922,31.1825681],[-90.5282094,31.1825121],[-90.5282405,31.1823999],[-90.5282723,31.1822541],[-90.5283161,31.1820859],[-90.5283382,31.1820074],[-90.5283718,31.1819064],[-90.5283959,31.1817942],[-90.5284068,31.1817606],[-90.5284262,31.1817308],[-90.528453,31.1817043],[-90.5285814,31.1816017],[-90.5286701,31.181535],[-90.5286961,31.1815125],[-90.5287224,31.1814787],[-90.5287364,31.1814482],[-90.5287869,31.1812767],[-90.5288125,31.1811534],[-90.5288413,31.1810301],[-90.5288673,31.1809291],[-90.5288968,31.1808282],[-90.5289034,31.1807833],[-90.5289021,31.1807049],[-90.5289071,31.1806825],[-90.5289122,31.1806713],[-90.5289252,31.1806532],[-90.5289406,31.1806375],[-90.5290804,31.1805164],[-90.529132,31.1804588],[-90.5291706,31.1804073],[-90.5292118,31.1803447],[-90.5292578,31.180266],[-90.5292787,31.1802211],[-90.5292919,31.1801763],[-90.5293384,31.1799632],[-90.5293436,31.17984],[-90.5293528,31.179728],[-90.5293525,31.1796384],[-90.5293427,31.1793921],[-90.5293347,31.1793137],[-90.5293105,31.1791795],[-90.5293086,31.1791459],[-90.5293111,31.1791235],[-90.5293162,31.1791076],[-90.5293257,31.1790898],[-90.5293444,31.1790673],[-90.5294841,31.1789427],[-90.5295228,31.1789015],[-90.52954,31.1788758],[-90.5295515,31.1788533],[-90.5295613,31.1788282],[-90.5295687,31.1787972],[-90.529582,31.1786404],[-90.5295778,31.1785508],[-90.5295786,31.1785172],[-90.5296024,31.1783939],[-90.5296095,31.1783378],[-90.5296096,31.178293],[-90.5296021,31.1782035],[-90.5296061,31.1781363],[-90.5296149,31.1780914],[-90.5296254,31.1780578],[-90.5296927,31.1778894],[-90.5296994,31.1778558],[-90.5296994,31.1778334],[-90.529696,31.177811],[-90.5296801,31.1777551],[-90.5296624,31.1777104],[-90.5295988,31.1775764],[-90.5295687,31.1775206],[-90.529524,31.1774516],[-90.5293057,31.1771415],[-90.5292762,31.1771081],[-90.5292498,31.1770858],[-90.529198,31.1770526],[-90.5290765,31.1769861],[-90.5290512,31.1769651],[-90.5290429,31.1769527],[-90.5290386,31.1769416],[-90.5290363,31.1769192],[-90.5290432,31.1768743],[-90.5290727,31.1767622],[-90.5291287,31.1765715],[-90.5291433,31.1765378],[-90.5291681,31.176504],[-90.5293054,31.17638],[-90.529423,31.1762557],[-90.5294617,31.1762077],[-90.5296205,31.1759862],[-90.5296514,31.1759524],[-90.5296807,31.1759316],[-90.5297197,31.1759155],[-90.5298496,31.1758779],[-90.5299145,31.1758542],[-90.5300183,31.1758065],[-90.5301609,31.1757318],[-90.5302128,31.1757098],[-90.5302388,31.1757037],[-90.5302648,31.1757019],[-90.530369,31.1757103],[-90.5304341,31.1757108],[-90.5304862,31.1757071],[-90.5305512,31.1756992],[-90.5305902,31.1756912],[-90.5306292,31.1756779],[-90.5306681,31.1756576],[-90.5306939,31.1756387],[-90.5307332,31.1755986],[-90.5307485,31.1755762],[-90.5307583,31.1755537],[-90.5307686,31.1754976],[-90.530774,31.1754192],[-90.5307701,31.1753979],[-90.5307651,31.1753857],[-90.5307499,31.1753634],[-90.5307146,31.17533],[-90.5306782,31.175306],[-90.5306521,31.1752944],[-90.530626,31.1752867],[-90.5305608,31.1752772],[-90.5305087,31.1752774],[-90.5304697,31.1752869],[-90.5304469,31.175298],[-90.5304308,31.1753088],[-90.5304053,31.1753319],[-90.5303147,31.1754399],[-90.5302889,31.1754658],[-90.530263,31.1754832],[-90.53025,31.1754878],[-90.530237,31.1754895],[-90.530224,31.1754883],[-90.5301979,31.1754789],[-90.5301717,31.1754621],[-90.5301454,31.1754395],[-90.5301192,31.1754098],[-90.5301053,31.1753897],[-90.5300876,31.1753562],[-90.5300521,31.1752557],[-90.5300382,31.1752334],[-90.5300168,31.1752111],[-90.5299872,31.1751908],[-90.5299599,31.1751778],[-90.5299088,31.1751606],[-90.5298566,31.1751487],[-90.5297523,31.1751378],[-90.529583,31.1751255],[-90.5294528,31.1751245],[-90.5294007,31.1751261],[-90.5293617,31.1751313],[-90.5293357,31.1751382],[-90.5293097,31.1751483],[-90.5292434,31.1751822],[-90.529206,31.1751951],[-90.5291669,31.1752002],[-90.5290888,31.1752013],[-90.5290498,31.1752042],[-90.5290108,31.1752103],[-90.5288938,31.1752346],[-90.5288678,31.1752368],[-90.5288417,31.1752355],[-90.5288156,31.1752298],[-90.5287895,31.175219],[-90.5287334,31.1751853],[-90.5286979,31.1751681],[-90.5286457,31.1751495],[-90.5286066,31.1751404],[-90.5285805,31.1751383],[-90.5285545,31.1751399],[-90.5284635,31.1751595],[-90.5284245,31.1751641],[-90.5282943,31.1751666],[-90.5282031,31.1751623],[-90.528164,31.175153],[-90.5280855,31.1751151],[-90.5280422,31.1750999],[-90.5277594,31.1750451],[-90.5277073,31.175033],[-90.527655,31.1750139],[-90.5276158,31.1749905],[-90.5275764,31.1749572],[-90.5275223,31.1748903],[-90.5274976,31.1748724],[-90.5274715,31.1748632],[-90.5274454,31.1748605],[-90.5274194,31.1748633],[-90.5273415,31.1748894],[-90.5273025,31.1748982],[-90.5272635,31.174902],[-90.5271984,31.1749029],[-90.5271333,31.1748981],[-90.5270028,31.1748733],[-90.5269638,31.1748717],[-90.5268987,31.1748753],[-90.5268596,31.1748745],[-90.5267684,31.1748598],[-90.526625,31.1748446],[-90.5264555,31.17481],[-90.526351,31.1747717],[-90.5263118,31.1747597],[-90.5262727,31.1747514],[-90.5261684,31.1747345],[-90.5260379,31.1747002],[-90.5259336,31.1746877],[-90.5257772,31.174663],[-90.5256728,31.174641],[-90.5255946,31.1746277],[-90.5255425,31.174623],[-90.5254904,31.1746242],[-90.5254514,31.1746308],[-90.5253864,31.174647],[-90.5253474,31.1746503],[-90.5251649,31.1746281],[-90.5251389,31.1746219],[-90.5251127,31.1746121],[-90.5250866,31.174597],[-90.525018,31.1745472],[-90.5249818,31.174529],[-90.5249427,31.1745144],[-90.524773,31.1744693],[-90.5245253,31.1744299],[-90.5244602,31.1744234],[-90.524369,31.1744219],[-90.5243039,31.1744236],[-90.5242519,31.1744305],[-90.5241479,31.1744527],[-90.524109,31.1744665],[-90.524083,31.1744804],[-90.5240602,31.174497],[-90.52403,31.1745308],[-90.5239709,31.1746319],[-90.5239006,31.174722],[-90.523877,31.174758],[-90.5238672,31.1747782],[-90.5238599,31.1748006],[-90.5238578,31.174823],[-90.5238618,31.1748454],[-90.5238715,31.1748677],[-90.5239112,31.1749347],[-90.5239197,31.174957],[-90.5239387,31.1750241],[-90.5239534,31.1750576],[-90.5239752,31.175091],[-90.5240308,31.1751579],[-90.5240427,31.1751802],[-90.5240508,31.1752138],[-90.5240543,31.1752921],[-90.5240625,31.1753369],[-90.5240865,31.1754039],[-90.5241631,31.1755714],[-90.5241759,31.1756049],[-90.5242409,31.1759069],[-90.5242539,31.1759516],[-90.5242762,31.1760075],[-90.5243373,31.1761303],[-90.5243572,31.1761644],[-90.5245602,31.1764425],[-90.5246398,31.1765316],[-90.5246654,31.1765762],[-90.524677,31.1766097],[-90.5246847,31.1766545],[-90.5246953,31.1768896],[-90.5247019,31.1769165],[-90.5247146,31.1769454],[-90.5247374,31.1769789],[-90.5247677,31.1770082],[-90.524807,31.1770322],[-90.5248616,31.1770565],[-90.5248786,31.1770676],[-90.5248903,31.1770788],[-90.5249056,31.1771011],[-90.5249397,31.1771792],[-90.5249638,31.1772239],[-90.5249963,31.1772685],[-90.5250283,31.1773019],[-90.5250698,31.1773334],[-90.5251091,31.177356],[-90.5251483,31.1773743],[-90.5252397,31.1774107],[-90.525264,31.1774236],[-90.525288,31.1774459],[-90.5253062,31.1774794],[-90.5253211,31.1775353],[-90.5253229,31.1775577],[-90.5253213,31.1775801],[-90.5253162,31.1776025],[-90.5252911,31.177681],[-90.5252748,31.1777483],[-90.5252609,31.1778268],[-90.5252582,31.1778828],[-90.5252661,31.1779387],[-90.5252924,31.1780394],[-90.5253037,31.1781513],[-90.5253203,31.1782296],[-90.5253413,31.1782854],[-90.5253611,31.1783189],[-90.5253999,31.1783746],[-90.5254104,31.1784082],[-90.5254101,31.1784418],[-90.5254047,31.1784754],[-90.525389,31.1785427],[-90.5253636,31.1786324],[-90.5253595,31.178666],[-90.5253613,31.1786996],[-90.5253793,31.1788115],[-90.5253835,31.1789123],[-90.5253923,31.178957],[-90.5254335,31.1791135],[-90.525461,31.1791917],[-90.5254991,31.1792699],[-90.5255433,31.1793368],[-90.5255888,31.1793925],[-90.5256339,31.179437],[-90.5256863,31.1794789],[-90.5258828,31.1796242],[-90.5258975,31.179637],[-90.5259157,31.1796593],[-90.5259251,31.1796816],[-90.5259287,31.179704],[-90.5259243,31.1798272],[-90.5259345,31.1799167],[-90.5259351,31.1799503],[-90.5259253,31.179984],[-90.525912,31.1800031],[-90.5258991,31.1800168],[-90.5255629,31.1803121],[-90.5255242,31.1803513],[-90.5254929,31.1803897],[-90.5254635,31.1804347],[-90.5254436,31.1804796],[-90.5254298,31.1805245],[-90.5254075,31.1806254],[-90.5253719,31.1807488],[-90.5253504,31.1808049],[-90.52532,31.1808603],[-90.5252814,31.18092],[-90.5252299,31.1809932],[-90.5251139,31.1811392],[-90.5250703,31.1811874],[-90.5250236,31.1812331],[-90.5249847,31.1812648],[-90.5249588,31.1812785],[-90.5249458,31.1812812],[-90.5249328,31.1812802],[-90.5249197,31.1812749],[-90.5249066,31.1812649],[-90.5248803,31.1812323],[-90.5248407,31.1811662],[-90.5247744,31.1810436],[-90.524695,31.1808643],[-90.5246619,31.1807979],[-90.5246421,31.1807694],[-90.524629,31.1807565],[-90.5245898,31.1807317],[-90.5243344,31.1806095],[-90.5242891,31.1805918],[-90.52425,31.1805826],[-90.5242109,31.1805813],[-90.5241589,31.1805884],[-90.5241069,31.1806013],[-90.524042,31.1806229],[-90.524016,31.1806278],[-90.5239899,31.1806274],[-90.5239117,31.1806129],[-90.5238856,31.1806117],[-90.5238596,31.1806139],[-90.5238336,31.1806193],[-90.5238076,31.1806279],[-90.523773,31.1806465],[-90.5237558,31.180661],[-90.5237394,31.1806803],[-90.5237262,31.1807028],[-90.5237173,31.1807247],[-90.523709,31.1807589],[-90.5237,31.1808373],[-90.5236921,31.180871],[-90.5236477,31.1810168],[-90.5236322,31.1810505],[-90.5236186,31.181073],[-90.5235902,31.1811112],[-90.5235386,31.1811707],[-90.5234353,31.1812738],[-90.5233506,31.1813881],[-90.5232935,31.181452],[-90.5232183,31.1815233],[-90.5231056,31.1816024],[-90.5230865,31.1816204],[-90.523064,31.1816474],[-90.5230037,31.1817374],[-90.522973,31.1817936],[-90.5229462,31.1818497],[-90.5229288,31.1818946],[-90.5229156,31.1819395],[-90.5229089,31.1819731],[-90.5229084,31.1819955],[-90.5229139,31.1820179],[-90.5229274,31.1820402],[-90.5229477,31.1820625],[-90.5230075,31.1821181],[-90.5230911,31.1821889],[-90.5232165,31.1822736],[-90.5232352,31.1822894],[-90.5232511,31.182307],[-90.5232641,31.1823293],[-90.5232723,31.1823517],[-90.5233135,31.1825194],[-90.5233464,31.18262],[-90.5233791,31.1826982],[-90.5234348,31.1828098],[-90.5234565,31.1828433],[-90.5234874,31.182875],[-90.5236114,31.1829655],[-90.5236446,31.182994],[-90.5236645,31.1830212],[-90.5236823,31.1830659],[-90.5236965,31.1831218],[-90.523702,31.1831553],[-90.5237014,31.1831889],[-90.5236951,31.1832113],[-90.5236835,31.1832338],[-90.5236681,31.1832563],[-90.5234625,31.1835263],[-90.523424,31.1835825],[-90.5234136,31.183605],[-90.5234098,31.1836274],[-90.5234159,31.1836498],[-90.5234287,31.1836678],[-90.5235873,31.1838167],[-90.5236518,31.1838705],[-90.5237059,31.1839056],[-90.5238088,31.1839662],[-90.523848,31.1839868],[-90.5238872,31.1840022],[-90.5239394,31.1840158],[-90.5240568,31.1840407],[-90.5241481,31.1840558],[-90.5245651,31.1840877],[-90.5246041,31.1840882],[-90.5246431,31.1840808]]}},{"type":"Feature","properties":{"id":"depth-12-001","depth_ft":12,"estimated":false,"length_m":2927.1,"source_date":"2016-10","source":"MDWFP Lake Tangipahoa depth map","method":"Published depth-band boundary, smoothed using a signed-distance field"},"geometry":{"type":"LineString","coordinates":[[-90.5269322,31.1805628],[-90.5269452,31.1805561],[-90.5269581,31.1805424],[-90.5269664,31.1805264],[-90.5269727,31.1805039],[-90.5269762,31.1804703],[-90.5269789,31.1803919],[-90.5269875,31.1803135],[-90.5269909,31.1802239],[-90.5269985,31.1801902],[-90.5270092,31.1801678],[-90.5270351,31.180134],[-90.527047,31.1801227],[-90.5270717,31.180106],[-90.5270977,31.1800952],[-90.5271598,31.1800773],[-90.5271886,31.1800668],[-90.5272117,31.1800545],[-90.5272258,31.1800433],[-90.5272425,31.1800208],[-90.5272758,31.1799534],[-90.5273301,31.1798591],[-90.5273507,31.1798297],[-90.5273688,31.1798113],[-90.5273916,31.1797959],[-90.5274175,31.1797845],[-90.5275014,31.1797616],[-90.5275212,31.1797503],[-90.5275374,31.1797333],[-90.5275503,31.1797112],[-90.5275798,31.179638],[-90.5276117,31.1795706],[-90.5276357,31.1795257],[-90.5276711,31.1794695],[-90.5276813,31.1794358],[-90.5276841,31.179391],[-90.5276824,31.1792454],[-90.5276769,31.1792007],[-90.5276607,31.1791336],[-90.5276599,31.1791],[-90.5276644,31.1790776],[-90.5276757,31.1790551],[-90.5276858,31.1790438],[-90.527701,31.1790325],[-90.5277265,31.1790212],[-90.5277789,31.1790053],[-90.5278308,31.1789848],[-90.5278568,31.1789803],[-90.5278828,31.1789827],[-90.5279612,31.1790071],[-90.5280134,31.1790186],[-90.5280414,31.1790305],[-90.5280526,31.1790397],[-90.5280624,31.1790527],[-90.5280724,31.1790751],[-90.5280925,31.1791391],[-90.5281159,31.1792764],[-90.5281611,31.1794217],[-90.5281831,31.1795335],[-90.5281926,31.1795671],[-90.5282098,31.1796117],[-90.5282268,31.1796473],[-90.5282759,31.1797233],[-90.5282959,31.1797456],[-90.5283189,31.1797593],[-90.5284104,31.1797951],[-90.5284495,31.1798043],[-90.5284886,31.1798068],[-90.5285146,31.1798041],[-90.5285406,31.1797945],[-90.5285923,31.1797547],[-90.5286053,31.1797488],[-90.5286183,31.1797469],[-90.5286313,31.1797497],[-90.5286444,31.1797581],[-90.5286576,31.1797736],[-90.5287015,31.1798439],[-90.5287184,31.1798662],[-90.5287395,31.1798885],[-90.5287891,31.1799318],[-90.5288284,31.1799617],[-90.5288676,31.1799838],[-90.5288938,31.1799926],[-90.5289198,31.1799948],[-90.5289328,31.1799927],[-90.5289458,31.1799881],[-90.5289588,31.1799802],[-90.5289717,31.1799684],[-90.5289824,31.1799542],[-90.5289933,31.1799317],[-90.5289993,31.1799093],[-90.5290019,31.1798869],[-90.5290051,31.1797749],[-90.5290213,31.1796852],[-90.5290181,31.1796516],[-90.5289984,31.1795733],[-90.5289837,31.1795286],[-90.5289628,31.179484],[-90.5288621,31.1793106],[-90.5288368,31.1792608],[-90.5288085,31.1791826],[-90.5287649,31.1790821],[-90.5287577,31.1790485],[-90.5287581,31.1790261],[-90.5287671,31.1789925],[-90.5288018,31.1789139],[-90.528826,31.1788465],[-90.5288454,31.1788128],[-90.5288709,31.17879],[-90.5289107,31.1787676],[-90.5289487,31.1787523],[-90.5290266,31.178728],[-90.5290526,31.1787164],[-90.5290752,31.1786994],[-90.5290837,31.1786882],[-90.5290931,31.1786657],[-90.5291172,31.1785648],[-90.52914,31.1784191],[-90.5291666,31.1783291],[-90.5291775,31.1783069],[-90.5291954,31.1782844],[-90.5292181,31.1782642],[-90.5292658,31.1782279],[-90.5292771,31.1782167],[-90.5292856,31.1782054],[-90.5292958,31.178183],[-90.5293102,31.1781157],[-90.5293584,31.1779474],[-90.5293609,31.177925],[-90.5293602,31.1779026],[-90.5293514,31.1778691],[-90.5293375,31.1778468],[-90.5293187,31.1778293],[-90.5293056,31.1778219],[-90.5292926,31.1778177],[-90.5292796,31.1778166],[-90.5292666,31.1778187],[-90.5292536,31.1778248],[-90.5292407,31.1778366],[-90.5291969,31.1779036],[-90.5291764,31.1779261],[-90.5291633,31.1779348],[-90.5291374,31.1779436],[-90.5290723,31.1779491],[-90.5290463,31.177955],[-90.5290204,31.1779676],[-90.5290006,31.1779832],[-90.5289258,31.1780621],[-90.5288913,31.1781066],[-90.5288785,31.178127],[-90.5288721,31.1781408],[-90.5288668,31.1781632],[-90.5288667,31.1781856],[-90.5288735,31.1782415],[-90.5288716,31.1782639],[-90.5288667,31.1782804],[-90.5288538,31.1783024],[-90.5288104,31.1783539],[-90.5287893,31.1783743],[-90.5287764,31.1783824],[-90.5286855,31.1784119],[-90.5286595,31.1784153],[-90.5286334,31.1784097],[-90.528568,31.1783786],[-90.5285419,31.178374],[-90.5285289,31.1783746],[-90.5285029,31.1783818],[-90.528464,31.1784032],[-90.5284381,31.1784148],[-90.5284251,31.178418],[-90.5283991,31.1784196],[-90.5283599,31.178411],[-90.5282452,31.1783573],[-90.5282292,31.1783473],[-90.5282161,31.1783351],[-90.5282029,31.178316],[-90.5281905,31.1782905],[-90.5281691,31.1782346],[-90.5281372,31.1781116],[-90.5281369,31.1780781],[-90.5281516,31.1780108],[-90.5281629,31.1779323],[-90.5281653,31.1778651],[-90.5281488,31.1777308],[-90.528115,31.1775967],[-90.5281035,31.1775743],[-90.5280794,31.1775464],[-90.5280532,31.177528],[-90.5279879,31.1774958],[-90.5279633,31.1774744],[-90.5279391,31.177441],[-90.5279116,31.1773963],[-90.5278967,31.1773628],[-90.5278917,31.1773405],[-90.5278796,31.177251],[-90.5278706,31.1772174],[-90.5278577,31.1771839],[-90.5278462,31.1771616],[-90.5278287,31.1771358],[-90.5277677,31.1770725],[-90.5277494,31.1770502],[-90.5277378,31.1770279],[-90.5277334,31.1770055],[-90.5277345,31.1769831],[-90.5277457,31.1769046],[-90.5277586,31.1768598],[-90.5277814,31.1768148],[-90.527844,31.1767249],[-90.5278633,31.1766912],[-90.5278768,31.1766566],[-90.5279229,31.1765004],[-90.5279445,31.1764555],[-90.5279758,31.1764105],[-90.5279918,31.1763943],[-90.5280048,31.1763847],[-90.5280178,31.1763783],[-90.5280308,31.176375],[-90.5280568,31.1763753],[-90.5282002,31.176396],[-90.5282262,31.1763951],[-90.5282392,31.1763917],[-90.5282651,31.176378],[-90.5282821,31.1763639],[-90.5283039,31.1763408],[-90.5283284,31.1763076],[-90.5283453,31.1762739],[-90.5283736,31.1761953],[-90.5284063,31.1761255],[-90.5284699,31.1759378],[-90.5285078,31.1758362],[-90.5285461,31.1757077],[-90.5285631,31.1756343],[-90.5285733,31.1756006],[-90.5285841,31.1755767],[-90.5286041,31.1755444],[-90.5286937,31.1754319],[-90.5286971,31.1754207],[-90.5286954,31.1754095],[-90.5286894,31.1753983],[-90.528671,31.1753761],[-90.5286053,31.1753093],[-90.5285817,31.1752893],[-90.5285556,31.1752765],[-90.5285425,31.1752736],[-90.5285165,31.1752733],[-90.5284515,31.1752841],[-90.5283864,31.1752838],[-90.5283474,31.1752873],[-90.5283084,31.1752959],[-90.5282824,31.1753039],[-90.5282045,31.1753359],[-90.5281785,31.1753407],[-90.5281525,31.1753398],[-90.5281264,31.1753337],[-90.5281003,31.1753228],[-90.5280741,31.1753075],[-90.5280086,31.175261],[-90.5279824,31.1752471],[-90.5279529,31.1752349],[-90.527891,31.1752147],[-90.5277867,31.1751881],[-90.5277084,31.175172],[-90.5276822,31.1751574],[-90.5276167,31.17511],[-90.5275905,31.175086],[-90.5275705,31.175058],[-90.5275528,31.1750245],[-90.5275091,31.1749128],[-90.5274978,31.1748964],[-90.5274847,31.1748848],[-90.5274716,31.1748778],[-90.5274586,31.1748743],[-90.5274455,31.1748735],[-90.5274195,31.1748792],[-90.5273936,31.1748933],[-90.5273548,31.1749192],[-90.5273288,31.1749312],[-90.5273028,31.1749378],[-90.5272768,31.1749408],[-90.5271987,31.1749423],[-90.5271466,31.1749397],[-90.5270423,31.1749193],[-90.5270032,31.1749144],[-90.5269771,31.1749143],[-90.5268861,31.1749214],[-90.5268209,31.1749192],[-90.5267297,31.1749031],[-90.5265863,31.1748856],[-90.5264298,31.1748582],[-90.5263907,31.1748481],[-90.5262976,31.1748194],[-90.5261819,31.1747924],[-90.5259991,31.1747342],[-90.525973,31.1747296],[-90.5258818,31.1747217],[-90.5258167,31.1747136],[-90.5257775,31.1747059],[-90.5256732,31.1746793],[-90.525634,31.1746727],[-90.5255819,31.1746673],[-90.5255429,31.1746674],[-90.5255169,31.1746726],[-90.5255039,31.1746775],[-90.525478,31.1746922],[-90.5254132,31.1747383],[-90.5253944,31.1747465],[-90.5253743,31.1747515],[-90.5253483,31.174753],[-90.5253222,31.1747514],[-90.5252049,31.1747329],[-90.5250876,31.1747279],[-90.5250615,31.1747221],[-90.5250485,31.1747168],[-90.5250354,31.1747092],[-90.5250168,31.1746928],[-90.5249928,31.1746594],[-90.5249624,31.1745923],[-90.5249426,31.1745701],[-90.5249252,31.174559],[-90.5249039,31.1745496],[-90.5247734,31.174509],[-90.5247212,31.1744991],[-90.5245909,31.1744834],[-90.5245257,31.1744713],[-90.5244735,31.1744672],[-90.5243564,31.1744674],[-90.5243043,31.1744696],[-90.5242653,31.1744751],[-90.5241711,31.1744964],[-90.5241484,31.1745065],[-90.5241354,31.1745177],[-90.5241229,31.1745414],[-90.5241177,31.1745751],[-90.5241154,31.1746647],[-90.5241122,31.1746871],[-90.5241048,31.1747095],[-90.5240852,31.1747401],[-90.5240336,31.1747998],[-90.5240194,31.174822],[-90.5240155,31.1748332],[-90.524014,31.1748445],[-90.5240165,31.1748668],[-90.5240345,31.1749133],[-90.5240476,31.1749298],[-90.5240607,31.1749379],[-90.5240868,31.1749423],[-90.5241389,31.1749388],[-90.5241649,31.1749426],[-90.5241911,31.1749539],[-90.5242173,31.1749729],[-90.5242732,31.1750221],[-90.5242914,31.1750443],[-90.5243016,31.1750667],[-90.5243151,31.1751226],[-90.5243228,31.1751448],[-90.5243359,31.1751561],[-90.5243489,31.1751541],[-90.5243619,31.1751449],[-90.5243748,31.1751305],[-90.5243877,31.175111],[-90.5244004,31.1750806],[-90.524418,31.1750212],[-90.5244514,31.1749447],[-90.5244643,31.1749282],[-90.5244773,31.1749244],[-90.5244904,31.1749401],[-90.5245058,31.1750094],[-90.5245133,31.1750318],[-90.5245254,31.1750541],[-90.5245644,31.1751099],[-90.5246151,31.1752327],[-90.5246364,31.1752748],[-90.5246495,31.1752932],[-90.5246627,31.1753061],[-90.5247226,31.1753441],[-90.5247458,31.1753663],[-90.5247675,31.1753998],[-90.5247958,31.1754556],[-90.5248325,31.1755114],[-90.5248421,31.1755337],[-90.5248462,31.1755561],[-90.5248447,31.1755785],[-90.5248309,31.1756122],[-90.5247958,31.1756578],[-90.5247227,31.175736],[-90.5246796,31.1757859],[-90.5246614,31.1758036],[-90.5246192,31.1758374],[-90.5246021,31.1758562],[-90.5245892,31.1758783],[-90.5245799,31.1759048],[-90.5245751,31.1759273],[-90.524572,31.1759609],[-90.5245758,31.1760168],[-90.5245845,31.1760504],[-90.5245942,31.1760727],[-90.5246163,31.1761062],[-90.524653,31.1761508],[-90.524709,31.1762019],[-90.5247232,31.1762175],[-90.5247354,31.1762396],[-90.5247424,31.1762622],[-90.5247511,31.1763069],[-90.5247619,31.1763965],[-90.5247871,31.1764635],[-90.5247939,31.176497],[-90.5247965,31.176553],[-90.5247984,31.1767994],[-90.5247947,31.1769002],[-90.5248012,31.1769337],[-90.524807,31.1769449],[-90.5248169,31.176956],[-90.5248325,31.1769658],[-90.5248455,31.1769694],[-90.5248585,31.1769705],[-90.5249106,31.1769664],[-90.5249367,31.1769712],[-90.5249498,31.1769799],[-90.5249568,31.1769888],[-90.5249791,31.1770334],[-90.5249932,31.1770557],[-90.5250035,31.1770669],[-90.5250157,31.1770757],[-90.5250287,31.1770818],[-90.5250418,31.1770854],[-90.5250678,31.1770872],[-90.5250938,31.1770819],[-90.5251068,31.1770751],[-90.5251163,31.1770662],[-90.5251229,31.177055],[-90.5251262,31.1770437],[-90.5251274,31.1770213],[-90.5251203,31.1769766],[-90.5251064,31.1769431],[-90.5250859,31.1769096],[-90.525081,31.1768984],[-90.5250762,31.1768761],[-90.5250784,31.1768425],[-90.5250953,31.176764],[-90.5250992,31.1766408],[-90.5251051,31.1766071],[-90.5251263,31.1765286],[-90.5251379,31.176439],[-90.5251557,31.1763605],[-90.5251722,31.1762036],[-90.5251781,31.17617],[-90.5251868,31.1761475],[-90.5252017,31.176125],[-90.5252161,31.1761106],[-90.525242,31.1760936],[-90.525255,31.1760881],[-90.525281,31.1760816],[-90.52532,31.1760804],[-90.5253461,31.1760847],[-90.5253638,31.1760905],[-90.525384,31.1761015],[-90.5253964,31.1761127],[-90.5254121,31.176135],[-90.525425,31.1761685],[-90.5254303,31.176202],[-90.5254352,31.1762692],[-90.5254439,31.1763251],[-90.5254512,31.1763587],[-90.525462,31.176381],[-90.5254789,31.1763972],[-90.5255442,31.1764311],[-90.5255966,31.1764687],[-90.5256228,31.1764837],[-90.5256358,31.1764868],[-90.5256489,31.1764864],[-90.5256619,31.1764826],[-90.5256748,31.1764754],[-90.5257335,31.1764242],[-90.5257921,31.1763902],[-90.525869,31.1763341],[-90.5258949,31.1763208],[-90.5259079,31.1763178],[-90.5259209,31.1763182],[-90.525934,31.1763228],[-90.5259472,31.1763333],[-90.5259618,31.1763556],[-90.5259699,31.1763891],[-90.5259657,31.1764227],[-90.5259365,31.1765013],[-90.5259136,31.1765798],[-90.5258753,31.176692],[-90.5258336,31.1767891],[-90.5258139,31.1768716],[-90.5257888,31.1769501],[-90.5257689,31.1770286],[-90.5257345,31.1771296],[-90.5257299,31.1771521],[-90.525727,31.1771857],[-90.5257286,31.1774096],[-90.5257315,31.1774432],[-90.5257372,31.1774656],[-90.5257503,31.1774879],[-90.5258006,31.1775319],[-90.52584,31.1775738],[-90.5258924,31.1776085],[-90.5259069,31.1776213],[-90.5259192,31.1776436],[-90.5259204,31.177666],[-90.5259122,31.1776885],[-90.5258881,31.1777222],[-90.5258546,31.1777629],[-90.525803,31.1778154],[-90.525791,31.1778348],[-90.5257773,31.1778684],[-90.5257642,31.1779133],[-90.5257599,31.1779469],[-90.5257596,31.1781485],[-90.5257553,31.1781933],[-90.5257421,31.178227],[-90.5256912,31.1782945],[-90.5256741,31.1783282],[-90.5256505,31.1783955],[-90.5255814,31.1785639],[-90.5255752,31.1785975],[-90.5255786,31.1786311],[-90.5256152,31.1787371],[-90.5256363,31.1788211],[-90.525677,31.1789553],[-90.5256822,31.1789682],[-90.5256953,31.1789887],[-90.5257085,31.1789988],[-90.5257215,31.1790031],[-90.5257345,31.1790032],[-90.5257475,31.1790001],[-90.5257687,31.1789883],[-90.525791,31.1789658],[-90.5258242,31.1789096],[-90.5258378,31.1788915],[-90.5258507,31.17888],[-90.5258637,31.1788728],[-90.5258897,31.1788665],[-90.5259157,31.1788661],[-90.5259418,31.1788707],[-90.5260071,31.1789006],[-90.5260332,31.1789083],[-90.5261115,31.1789184],[-90.5261897,31.178932],[-90.5262418,31.1789347],[-90.5263329,31.1789344],[-90.526385,31.1789331],[-90.5264631,31.1789271],[-90.5264891,31.1789289],[-90.5265206,31.1789389],[-90.526539,31.17895],[-90.5265516,31.1789611],[-90.5265772,31.1789946],[-90.5266028,31.1790392],[-90.5266174,31.1790727],[-90.5266231,31.1790951],[-90.5266352,31.179207],[-90.5266479,31.1792401],[-90.5266611,31.179258],[-90.5266742,31.1792683],[-90.5266873,31.179272],[-90.5267003,31.1792715],[-90.5267523,31.1792607],[-90.5268172,31.1792409],[-90.5268303,31.1792414],[-90.5268434,31.1792534],[-90.5268533,31.1792841],[-90.5268555,31.1793176],[-90.5268393,31.1794073],[-90.5268348,31.1795081],[-90.526816,31.1795978],[-90.5268109,31.179721],[-90.5268009,31.1798219],[-90.5267961,31.1798398],[-90.5267927,31.1798443],[-90.5267832,31.1798519],[-90.5267572,31.1798584],[-90.5267442,31.1798653],[-90.5267346,31.1798783],[-90.5267225,31.1799119],[-90.5267171,31.1799456],[-90.5267176,31.1799904],[-90.5267334,31.1800575],[-90.5267389,31.1801022],[-90.5267436,31.1804045],[-90.5267511,31.1804493],[-90.5267756,31.1805217],[-90.5267889,31.1805518],[-90.526802,31.1805657],[-90.5268151,31.1805666],[-90.5268541,31.1805593],[-90.5269062,31.1805647],[-90.5269322,31.1805628]]}},{"type":"Feature","properties":{"id":"depth-12-002","depth_ft":12,"estimated":false,"length_m":532.1,"source_date":"2016-10","source":"MDWFP Lake Tangipahoa depth map","method":"Published depth-band boundary, smoothed using a signed-distance field"},"geometry":{"type":"LineString","coordinates":[[-90.527073,31.1818583],[-90.527112,31.1818479],[-90.5272029,31.1818124],[-90.5272419,31.1818038],[-90.5272809,31.1818045],[-90.5273461,31.1818157],[-90.5273852,31.1818152],[-90.5273999,31.1818115],[-90.5274232,31.1818002],[-90.5274491,31.1817776],[-90.5274655,31.1817551],[-90.5274753,31.1817327],[-90.52749,31.1816654],[-90.5275261,31.1815355],[-90.5275376,31.1814747],[-90.5275481,31.1813963],[-90.5275675,31.1813066],[-90.5275703,31.1810938],[-90.5275781,31.1810266],[-90.5275827,31.1809593],[-90.5276019,31.1808696],[-90.527605,31.1808136],[-90.5276032,31.1807688],[-90.5275983,31.1807353],[-90.527568,31.1806235],[-90.5275521,31.18059],[-90.5275124,31.1805342],[-90.5274847,31.1804672],[-90.5274632,31.1804338],[-90.5274388,31.1804138],[-90.5273734,31.1803765],[-90.5272948,31.1803158],[-90.5272628,31.1803006],[-90.5272295,31.1802938],[-90.5272035,31.1802958],[-90.5271905,31.1803002],[-90.5271775,31.1803087],[-90.5271647,31.1803246],[-90.5271526,31.1803573],[-90.527146,31.1804133],[-90.5271453,31.1805813],[-90.5271412,31.1806149],[-90.5271244,31.1806934],[-90.5271207,31.1808278],[-90.5271121,31.1808614],[-90.527104,31.180875],[-90.5270911,31.1808882],[-90.5270652,31.1809038],[-90.5270393,31.1809129],[-90.5270003,31.1809207],[-90.5269222,31.1809304],[-90.5268962,31.1809314],[-90.5268701,31.1809291],[-90.526844,31.180921],[-90.5268309,31.1809131],[-90.5268144,31.1808968],[-90.5268033,31.1808745],[-90.5267943,31.1807962],[-90.5267883,31.1807738],[-90.5267775,31.1807477],[-90.5267643,31.1807278],[-90.5267248,31.1806807],[-90.5266721,31.1805999],[-90.5266548,31.1805842],[-90.5266328,31.1805755],[-90.5266198,31.1805748],[-90.5266068,31.1805771],[-90.5265901,31.1805846],[-90.526568,31.1806041],[-90.5265515,31.1806297],[-90.5265422,31.1806521],[-90.5265159,31.1807419],[-90.5265012,31.1808315],[-90.5265002,31.1808987],[-90.526503,31.1809211],[-90.5265102,31.1809435],[-90.526517,31.1809546],[-90.5265279,31.1809657],[-90.526582,31.180999],[-90.5266012,31.1810213],[-90.5266109,31.1810436],[-90.5266454,31.1811666],[-90.5266576,31.1812001],[-90.526698,31.1812671],[-90.5267432,31.1813564],[-90.526783,31.1814176],[-90.5268224,31.1814685],[-90.5268412,31.1815014],[-90.5268489,31.1815237],[-90.5268531,31.1815461],[-90.5268605,31.1816692],[-90.5268774,31.1817363],[-90.5268887,31.1818034],[-90.5269021,31.1818369],[-90.5269167,31.1818523],[-90.5269298,31.1818591],[-90.5269429,31.1818624],[-90.5269689,31.1818645],[-90.527008,31.1818641],[-90.527073,31.1818583]]}},{"type":"Feature","properties":{"id":"depth-12-003","depth_ft":12,"estimated":false,"length_m":299.3,"source_date":"2016-10","source":"MDWFP Lake Tangipahoa depth map","method":"Published depth-band boundary, smoothed using a signed-distance field"},"geometry":{"type":"LineString","coordinates":[[-90.5291718,31.1757883],[-90.5291848,31.1757845],[-90.5292107,31.175772],[-90.5293014,31.1757183],[-90.5293401,31.175681],[-90.5294135,31.1755955],[-90.5294302,31.175573],[-90.5294561,31.1755303],[-90.5294673,31.1755168],[-90.5294819,31.1755047],[-90.5295006,31.1754942],[-90.5295468,31.1754774],[-90.5295858,31.1754707],[-90.5296119,31.1754708],[-90.5296379,31.175475],[-90.529664,31.1754834],[-90.5296902,31.1754952],[-90.5297251,31.1755152],[-90.5298081,31.1755815],[-90.5298278,31.175593],[-90.5298473,31.175601],[-90.5298734,31.1756064],[-90.5298994,31.175606],[-90.5299124,31.1756035],[-90.5299367,31.1755923],[-90.5299513,31.1755764],[-90.5299581,31.1755586],[-90.5299588,31.1755362],[-90.5299459,31.1754803],[-90.5299436,31.1754467],[-90.5299693,31.175301],[-90.5299728,31.1752673],[-90.5299694,31.175245],[-90.5299639,31.1752338],[-90.5299542,31.1752227],[-90.5299388,31.1752116],[-90.5299222,31.1752036],[-90.5298699,31.1751867],[-90.5298178,31.1751755],[-90.5297526,31.1751674],[-90.5297005,31.1751636],[-90.5296093,31.1751632],[-90.5295052,31.1751644],[-90.5294531,31.1751691],[-90.5294142,31.1751791],[-90.5293882,31.1751915],[-90.5293707,31.1752038],[-90.5293106,31.175256],[-90.5292847,31.1752728],[-90.5292588,31.1752856],[-90.5292198,31.1752958],[-90.5291938,31.175298],[-90.5291287,31.1752984],[-90.5291027,31.1753024],[-90.5290897,31.1753067],[-90.5290638,31.175321],[-90.5289371,31.175408],[-90.5289101,31.1754306],[-90.5289055,31.1754418],[-90.5289074,31.175453],[-90.528922,31.1754952],[-90.5289322,31.1755536],[-90.5289413,31.1755872],[-90.5289511,31.1756095],[-90.5289885,31.1756723],[-90.5290159,31.1757435],[-90.5290335,31.1757658],[-90.5290552,31.1757769],[-90.5291327,31.1757899],[-90.5291588,31.1757902],[-90.5291718,31.1757883]]}},{"type":"Feature","properties":{"id":"depth-12-004","depth_ft":12,"estimated":false,"length_m":164.3,"source_date":"2016-10","source":"MDWFP Lake Tangipahoa depth map","method":"Published depth-band boundary, smoothed using a signed-distance field"},"geometry":{"type":"LineString","coordinates":[[-90.5278762,31.1813499],[-90.5279152,31.1813381],[-90.52798,31.1813104],[-90.5280061,31.1813076],[-90.5280451,31.1813095],[-90.5280582,31.1813081],[-90.5280711,31.1813038],[-90.5280841,31.1812955],[-90.5280977,31.1812809],[-90.5281107,31.1812585],[-90.5281365,31.1811799],[-90.5281685,31.1811013],[-90.5281789,31.1810677],[-90.5281824,31.1810453],[-90.5281816,31.1810117],[-90.5281734,31.1809781],[-90.5281623,31.1809558],[-90.528076,31.1808444],[-90.5280411,31.1808156],[-90.5280019,31.180795],[-90.5279888,31.1807931],[-90.5279758,31.1807963],[-90.5279629,31.180806],[-90.5279255,31.1808453],[-90.5278982,31.1808611],[-90.5278722,31.1808665],[-90.5278202,31.1808682],[-90.5278072,31.1808723],[-90.5277942,31.1808817],[-90.5277881,31.1808909],[-90.5277802,31.1809133],[-90.5277679,31.1810142],[-90.5277672,31.1810478],[-90.5277802,31.1811373],[-90.5277977,31.1812044],[-90.5278105,31.1812768],[-90.5278239,31.1813205],[-90.5278371,31.1813412],[-90.5278502,31.1813494],[-90.5278632,31.1813512],[-90.5278762,31.1813499]]}},{"type":"Feature","properties":{"id":"depth-12-005","depth_ft":12,"estimated":false,"length_m":150.5,"source_date":"2016-10","source":"MDWFP Lake Tangipahoa depth map","method":"Published depth-band boundary, smoothed using a signed-distance field"},"geometry":{"type":"LineString","coordinates":[[-90.5272029,31.1767624],[-90.5272006,31.1767633],[-90.5271875,31.1767556],[-90.5271609,31.176729],[-90.5271351,31.1767166],[-90.5271091,31.1767139],[-90.527031,31.1767218],[-90.527018,31.1767202],[-90.5270049,31.1767155],[-90.5269918,31.1767062],[-90.5269834,31.1766965],[-90.526976,31.1766854],[-90.5269667,31.176663],[-90.5269596,31.1766183],[-90.5269594,31.1765511],[-90.5269636,31.1765175],[-90.5269793,31.1764502],[-90.5269888,31.1763605],[-90.5270001,31.1763269],[-90.5270189,31.1762932],[-90.5270274,31.1762829],[-90.5270403,31.1762724],[-90.5270663,31.1762628],[-90.5270923,31.1762614],[-90.5271444,31.1762632],[-90.5271965,31.1762609],[-90.5272226,31.1762636],[-90.5272356,31.1762675],[-90.5272572,31.1762805],[-90.5272678,31.1762917],[-90.5272815,31.176314],[-90.5272945,31.1763475],[-90.5272994,31.1763698],[-90.5272999,31.1764034],[-90.5272779,31.1765715],[-90.5272518,31.1766725],[-90.5272392,31.1767082],[-90.5272136,31.1767575],[-90.5272029,31.1767624]]}},{"type":"Feature","properties":{"id":"depth-12-006","depth_ft":12,"estimated":false,"length_m":126.7,"source_date":"2016-10","source":"MDWFP Lake Tangipahoa depth map","method":"Published depth-band boundary, smoothed using a signed-distance field"},"geometry":{"type":"LineString","coordinates":[[-90.5257126,31.1810941],[-90.5257255,31.1810825],[-90.5257383,31.1810637],[-90.5257597,31.1810264],[-90.5257966,31.1809702],[-90.525812,31.1809365],[-90.5258175,31.1809141],[-90.5258206,31.1808805],[-90.5258196,31.1807349],[-90.5258128,31.1806789],[-90.525804,31.1806566],[-90.5257869,31.1806344],[-90.5257716,31.1806232],[-90.5257477,31.1806115],[-90.5257216,31.1806033],[-90.5256955,31.1806001],[-90.5256825,31.1806017],[-90.5256695,31.1806073],[-90.5256566,31.1806193],[-90.5256476,31.1806352],[-90.5255949,31.1807922],[-90.5255876,31.1808259],[-90.5255837,31.1808707],[-90.5255879,31.1809043],[-90.5255957,31.1809266],[-90.5256333,31.1809936],[-90.5256679,31.1810718],[-90.5256734,31.181081],[-90.5256865,31.181094],[-90.5256996,31.1810981],[-90.5257126,31.1810941]]}},{"type":"Feature","properties":{"id":"depth-12-007","depth_ft":12,"estimated":false,"length_m":120.7,"source_date":"2016-10","source":"MDWFP Lake Tangipahoa depth map","method":"Published depth-band boundary, smoothed using a signed-distance field"},"geometry":{"type":"LineString","coordinates":[[-90.5238251,31.1811688],[-90.5238847,31.181105],[-90.5239886,31.1810259],[-90.5239974,31.1810147],[-90.5240001,31.1810035],[-90.5239955,31.1809923],[-90.5239853,31.1809812],[-90.5239405,31.1809478],[-90.5239154,31.1809256],[-90.5238959,31.1809033],[-90.5238816,31.180881],[-90.5238681,31.1808475],[-90.5238661,31.1808363],[-90.5238667,31.1808139],[-90.5238767,31.1807579],[-90.5238756,31.1807243],[-90.5238711,31.1807131],[-90.5238609,31.180702],[-90.5238473,31.1806976],[-90.5238343,31.1806991],[-90.5238289,31.1807022],[-90.52382,31.1807134],[-90.5238189,31.1807246],[-90.5238216,31.1807387],[-90.5238414,31.1807805],[-90.5238543,31.180814],[-90.5238568,31.1808364],[-90.5238556,31.1808476],[-90.5238453,31.1808812],[-90.5238163,31.1809486],[-90.5238102,31.180971],[-90.5238074,31.1809934],[-90.5238068,31.1810942],[-90.5238095,31.181139],[-90.523812,31.1811591],[-90.5238251,31.1811688]]}},{"type":"Feature","properties":{"id":"depth-12-008","depth_ft":12,"estimated":false,"length_m":109.6,"source_date":"2016-10","source":"MDWFP Lake Tangipahoa depth map","method":"Published depth-band boundary, smoothed using a signed-distance field"},"geometry":{"type":"LineString","coordinates":[[-90.5273315,31.1772991],[-90.5273092,31.1773068],[-90.5272962,31.1773086],[-90.5272702,31.1773085],[-90.5272571,31.1773063],[-90.5272441,31.1773021],[-90.527231,31.1772933],[-90.5272213,31.1772774],[-90.5272194,31.1772662],[-90.5272261,31.1771878],[-90.5272259,31.1769974],[-90.5272303,31.1769414],[-90.527236,31.1769189],[-90.5272487,31.1768965],[-90.5272667,31.1768813],[-90.5272926,31.1768712],[-90.5273057,31.1768727],[-90.5273188,31.1768872],[-90.5273283,31.1769184],[-90.5273335,31.1769519],[-90.5273383,31.1771871],[-90.5273484,31.1772654],[-90.5273478,31.1772766],[-90.5273434,31.1772878],[-90.5273315,31.1772991]]}},{"type":"Feature","properties":{"id":"depth-12-009","depth_ft":12,"estimated":false,"length_m":86.9,"source_date":"2016-10","source":"MDWFP Lake Tangipahoa depth map","method":"Published depth-band boundary, smoothed using a signed-distance field"},"geometry":{"type":"LineString","coordinates":[[-90.5306156,31.1756114],[-90.5306546,31.1756037],[-90.5306806,31.1755941],[-90.5307065,31.1755802],[-90.5307254,31.1755651],[-90.5307347,31.1755538],[-90.530745,31.1755314],[-90.530749,31.175509],[-90.5307498,31.1754754],[-90.5307478,31.175453],[-90.5307424,31.1754306],[-90.5307315,31.1754083],[-90.5307133,31.175386],[-90.5306877,31.1753638],[-90.5306525,31.1753426],[-90.5306263,31.1753332],[-90.5306003,31.1753296],[-90.5305873,31.1753307],[-90.5305743,31.1753351],[-90.5305641,31.1753421],[-90.5305497,31.1753646],[-90.5305208,31.1754768],[-90.5305178,31.1755104],[-90.5305178,31.1755552],[-90.5305242,31.1755818],[-90.5305283,31.1755887],[-90.53054,31.1755998],[-90.5305504,31.1756051],[-90.5305731,31.1756108],[-90.5306156,31.1756114]]}},{"type":"Feature","properties":{"id":"depth-12-010","depth_ft":12,"estimated":false,"length_m":84.7,"source_date":"2016-10","source":"MDWFP Lake Tangipahoa depth map","method":"Published depth-band boundary, smoothed using a signed-distance field"},"geometry":{"type":"LineString","coordinates":[[-90.524163,31.181094],[-90.5241799,31.1810808],[-90.5241938,31.1810583],[-90.5242008,31.1810359],[-90.5242026,31.1810023],[-90.5241994,31.1809799],[-90.5241781,31.1809016],[-90.5241624,31.1807785],[-90.5241566,31.1807674],[-90.5241473,31.1807591],[-90.5241342,31.1807597],[-90.5241213,31.1807724],[-90.5240959,31.1808428],[-90.5240849,31.1808798],[-90.5240735,31.1809358],[-90.5240519,31.180992],[-90.5240505,31.1810032],[-90.5240531,31.1810144],[-90.5240668,31.1810367],[-90.5240981,31.1810701],[-90.5241239,31.1810888],[-90.524137,31.1810946],[-90.52415,31.1810966],[-90.524163,31.181094]]}},{"type":"Feature","properties":{"id":"depth-12-011","depth_ft":12,"estimated":false,"length_m":81.1,"source_date":"2016-10","source":"MDWFP Lake Tangipahoa depth map","method":"Published depth-band boundary, smoothed using a signed-distance field"},"geometry":{"type":"LineString","coordinates":[[-90.5278578,31.1822854],[-90.5278717,31.1822677],[-90.5278832,31.1822008],[-90.5278867,31.1821109],[-90.5278846,31.1820325],[-90.527881,31.1820101],[-90.5278684,31.1819837],[-90.5278553,31.181974],[-90.5278422,31.1819703],[-90.5278292,31.1819699],[-90.5278162,31.1819718],[-90.5277902,31.1819802],[-90.5277744,31.1819884],[-90.5277597,31.1819997],[-90.5277505,31.1820109],[-90.5277454,31.1820222],[-90.5277428,31.1820334],[-90.5277429,31.1820558],[-90.5277589,31.1821341],[-90.5277658,31.1821564],[-90.5277789,31.1821861],[-90.5278316,31.1822679],[-90.5278448,31.1822814],[-90.5278578,31.1822854]]}},{"type":"Feature","properties":{"id":"depth-12-012","depth_ft":12,"estimated":false,"length_m":76.8,"source_date":"2016-10","source":"MDWFP Lake Tangipahoa depth map","method":"Published depth-band boundary, smoothed using a signed-distance field"},"geometry":{"type":"LineString","coordinates":[[-90.5237125,31.1817358],[-90.5237254,31.1817256],[-90.5237383,31.1817049],[-90.52378,31.1815759],[-90.5237829,31.1815535],[-90.5237818,31.1814975],[-90.5237855,31.1814415],[-90.5237808,31.1814191],[-90.5237749,31.1814088],[-90.523762,31.1814161],[-90.5237506,31.1814417],[-90.5237406,31.1814866],[-90.5237238,31.181529],[-90.5237173,31.1815539],[-90.5237063,31.1816436],[-90.5236937,31.1817108],[-90.5236941,31.181722],[-90.5236995,31.1817356],[-90.5237125,31.1817358]]}},{"type":"Feature","properties":{"id":"depth-12-013","depth_ft":12,"estimated":false,"length_m":66.6,"source_date":"2016-10","source":"MDWFP Lake Tangipahoa depth map","method":"Published depth-band boundary, smoothed using a signed-distance field"},"geometry":{"type":"LineString","coordinates":[[-90.5270953,31.179081],[-90.5270764,31.1790849],[-90.5270373,31.1790859],[-90.5269982,31.1790834],[-90.5269722,31.1790786],[-90.5269525,31.1790707],[-90.52694,31.1790596],[-90.5269347,31.1790484],[-90.5269336,31.1790372],[-90.5269391,31.1790148],[-90.5269511,31.1789923],[-90.5269743,31.1789586],[-90.526997,31.1789329],[-90.5270099,31.1789221],[-90.5270359,31.1789069],[-90.5270618,31.1788973],[-90.5270878,31.178893],[-90.5271009,31.1788938],[-90.5271139,31.1788977],[-90.527127,31.1789074],[-90.5271368,31.178924],[-90.5271434,31.1789576],[-90.5271416,31.1790024],[-90.5271299,31.1790472],[-90.5271153,31.1790697],[-90.5270953,31.179081]]}},{"type":"Feature","properties":{"id":"depth-12-014","depth_ft":12,"estimated":false,"length_m":53.8,"source_date":"2016-10","source":"MDWFP Lake Tangipahoa depth map","method":"Published depth-band boundary, smoothed using a signed-distance field"},"geometry":{"type":"LineString","coordinates":[[-90.5276657,31.176446],[-90.5276278,31.1764538],[-90.5275757,31.1764563],[-90.5275626,31.1764527],[-90.5275543,31.1764467],[-90.5275457,31.1764355],[-90.5275412,31.1764244],[-90.5275373,31.176402],[-90.5275389,31.1763796],[-90.5275516,31.1763459],[-90.5275616,31.1763314],[-90.5275811,31.1763121],[-90.5276005,31.1762999],[-90.5276134,31.1762956],[-90.5276395,31.176295],[-90.5276525,31.1762988],[-90.5276656,31.1763061],[-90.5276817,31.1763227],[-90.527692,31.1763443],[-90.5276982,31.1763786],[-90.5276956,31.1764122],[-90.5276912,31.1764235],[-90.5276829,31.1764347],[-90.5276657,31.176446]]}},{"type":"Feature","properties":{"id":"depth-12-015","depth_ft":12,"estimated":false,"length_m":37.5,"source_date":"2016-10","source":"MDWFP Lake Tangipahoa depth map","method":"Published depth-band boundary, smoothed using a signed-distance field"},"geometry":{"type":"LineString","coordinates":[[-90.5278643,31.1781805],[-90.5278502,31.1781827],[-90.5278372,31.1781752],[-90.5278167,31.1781472],[-90.5278107,31.178136],[-90.5278039,31.1781137],[-90.527803,31.1780913],[-90.5278103,31.1780696],[-90.5278232,31.1780574],[-90.5278362,31.1780532],[-90.5278492,31.1780529],[-90.5278622,31.1780558],[-90.5278753,31.1780622],[-90.5278936,31.1780795],[-90.5279017,31.1780994],[-90.5279005,31.1781243],[-90.5278921,31.1781467],[-90.5278762,31.1781713],[-90.5278643,31.1781805]]}},{"type":"Feature","properties":{"id":"depth-12-016","depth_ft":12,"estimated":false,"length_m":26.9,"source_date":"2016-10","source":"MDWFP Lake Tangipahoa depth map","method":"Published depth-band boundary, smoothed using a signed-distance field"},"geometry":{"type":"LineString","coordinates":[[-90.5267756,31.1821128],[-90.5267885,31.1820982],[-90.5267951,31.1820839],[-90.5268013,31.1820644],[-90.5268019,31.1820503],[-90.5267997,31.1820391],[-90.526794,31.1820279],[-90.5267879,31.1820205],[-90.5267748,31.1820145],[-90.5267618,31.1820164],[-90.5267489,31.1820275],[-90.5267439,31.1820395],[-90.5267417,31.1820619],[-90.5267495,31.1820976],[-90.5267626,31.1821139],[-90.5267756,31.1821128]]}},{"type":"Feature","properties":{"id":"depth-12-017","depth_ft":12,"estimated":false,"length_m":14.7,"source_date":"2016-10","source":"MDWFP Lake Tangipahoa depth map","method":"Published depth-band boundary, smoothed using a signed-distance field"},"geometry":{"type":"LineString","coordinates":[[-90.5254397,31.1779749],[-90.5254526,31.1779633],[-90.5254578,31.1779488],[-90.5254566,31.1779376],[-90.5254523,31.1779318],[-90.5254393,31.1779257],[-90.5254263,31.1779285],[-90.5254177,31.1779378],[-90.5254159,31.177949],[-90.5254266,31.1779712],[-90.5254397,31.1779749]]}},{"type":"Feature","properties":{"id":"depth-12-018","depth_ft":12,"estimated":false,"length_m":12.4,"source_date":"2016-10","source":"MDWFP Lake Tangipahoa depth map","method":"Published depth-band boundary, smoothed using a signed-distance field"},"geometry":{"type":"LineString","coordinates":[[-90.5238,31.1812923],[-90.5238036,31.1812622],[-90.5237996,31.1812384],[-90.5237917,31.1812735],[-90.5237915,31.1812847],[-90.5238,31.1812923]]}},{"type":"Feature","properties":{"id":"depth-12-019","depth_ft":12,"estimated":false,"length_m":7.3,"source_date":"2016-10","source":"MDWFP Lake Tangipahoa depth map","method":"Published depth-band boundary, smoothed using a signed-distance field"},"geometry":{"type":"LineString","coordinates":[[-90.5237573,31.1824359],[-90.5237656,31.1824271],[-90.5237587,31.1824159],[-90.5237441,31.1824185],[-90.5237392,31.1824272],[-90.5237442,31.1824342],[-90.5237573,31.1824359]]}},{"type":"Feature","properties":{"id":"depth-14-001","depth_ft":14,"estimated":true,"length_m":1301.0,"source_date":"2016-10","source":"MDWFP Lake Tangipahoa depth map","method":"Estimated midpoint between adjacent smoothed published depth boundaries"},"geometry":{"type":"LineString","coordinates":[[-90.5263839,31.1787956],[-90.526514,31.1787787],[-90.5267092,31.1787733],[-90.5267482,31.1787643],[-90.5267742,31.1787504],[-90.5268129,31.1787165],[-90.5268558,31.1786681],[-90.527032,31.1784377],[-90.5270665,31.1783981],[-90.5270837,31.1783855],[-90.5271096,31.178375],[-90.5271356,31.1783704],[-90.5272267,31.1783629],[-90.5272527,31.1783558],[-90.5272807,31.1783408],[-90.5273074,31.1783183],[-90.5273412,31.1782845],[-90.5274336,31.1781818],[-90.5274593,31.1781494],[-90.5274822,31.1781156],[-90.5274941,31.1780932],[-90.5275026,31.1780707],[-90.5275074,31.1780483],[-90.5275088,31.1780147],[-90.5274983,31.1778804],[-90.5274942,31.1777908],[-90.5274902,31.1777572],[-90.5274822,31.1777237],[-90.5274701,31.1776902],[-90.5274079,31.1775562],[-90.5273892,31.177534],[-90.5273704,31.1775228],[-90.5273369,31.1775129],[-90.5273109,31.1775096],[-90.5272718,31.1775082],[-90.5272328,31.1775097],[-90.5270766,31.1775261],[-90.5270376,31.177524],[-90.5270114,31.177515],[-90.5269984,31.177507],[-90.5269695,31.1774805],[-90.5268273,31.1772943],[-90.5267324,31.1771796],[-90.5267121,31.1771461],[-90.5267009,31.1771126],[-90.5266441,31.1768889],[-90.5266201,31.1767547],[-90.5266141,31.1766652],[-90.5266131,31.1765308],[-90.5266155,31.176486],[-90.526628,31.1764299],[-90.5266378,31.1764059],[-90.5266506,31.1763842],[-90.5266635,31.1763688],[-90.5266894,31.1763464],[-90.5267626,31.1762947],[-90.5268667,31.1762269],[-90.5269612,31.1761488],[-90.527,31.17612],[-90.5270389,31.1760967],[-90.5270778,31.1760777],[-90.5271816,31.176033],[-90.5272335,31.1760142],[-90.5272595,31.1760081],[-90.5272985,31.1760038],[-90.5274157,31.1760025],[-90.5274417,31.1759988],[-90.5274807,31.1759877],[-90.5276364,31.1759191],[-90.5276753,31.1759042],[-90.5277273,31.1758893],[-90.5278313,31.1758655],[-90.5278702,31.1758528],[-90.5278961,31.1758366],[-90.527909,31.1758222],[-90.527918,31.1758062],[-90.5279219,31.175795],[-90.5279246,31.1757725],[-90.527922,31.1757502],[-90.5279155,31.1757278],[-90.5278834,31.1756496],[-90.527812,31.1754933],[-90.5277926,31.1754598],[-90.5277757,31.175436],[-90.5277494,31.1754056],[-90.5276837,31.1753379],[-90.5276442,31.1752868],[-90.5276288,31.1752592],[-90.5275975,31.1751922],[-90.5275537,31.1751253],[-90.5275385,31.1750972],[-90.5275228,31.1750583],[-90.5275011,31.1749913],[-90.5274855,31.1749578],[-90.5274665,31.1749355],[-90.527446,31.1749246],[-90.5274329,31.1749226],[-90.5274069,31.1749257],[-90.5273291,31.1749587],[-90.5272594,31.1749815],[-90.5272252,31.1749959],[-90.527176,31.1750268],[-90.5270569,31.1751202],[-90.527031,31.1751363],[-90.5270051,31.1751474],[-90.5269791,31.1751533],[-90.5269531,31.1751559],[-90.5268489,31.1751592],[-90.5267578,31.1751661],[-90.5266407,31.1751714],[-90.5265887,31.1751781],[-90.5265237,31.1751918],[-90.5264327,31.1752157],[-90.5263678,31.175237],[-90.5261471,31.1753198],[-90.5260304,31.1753696],[-90.5259914,31.175383],[-90.5259394,31.1753916],[-90.5258093,31.1753993],[-90.5257573,31.1754096],[-90.525739,31.1754163],[-90.5257183,31.175428],[-90.5257054,31.1754401],[-90.5256941,31.1754614],[-90.5256921,31.175495],[-90.5257002,31.1755509],[-90.5257508,31.1758529],[-90.5257613,31.1759034],[-90.5257733,31.1759424],[-90.5257879,31.175972],[-90.5258011,31.1759899],[-90.525906,31.1760867],[-90.5259454,31.1761312],[-90.5259785,31.1761763],[-90.5259976,31.1762098],[-90.5260115,31.1762448],[-90.5260244,31.1762992],[-90.5260295,31.176344],[-90.5260283,31.1763888],[-90.526019,31.1764336],[-90.5259276,31.1767365],[-90.5258989,31.1768151],[-90.5258453,31.177017],[-90.5257981,31.177174],[-90.5257952,31.1771964],[-90.5257963,31.17723],[-90.5258172,31.1773307],[-90.5258297,31.1773642],[-90.5258385,31.1773795],[-90.5258534,31.1773977],[-90.5258834,31.1774199],[-90.5259301,31.1774398],[-90.5259562,31.1774468],[-90.5259953,31.1774529],[-90.5262037,31.1774614],[-90.5262298,31.177464],[-90.5262559,31.1774714],[-90.526269,31.1774803],[-90.5262821,31.1775002],[-90.5262874,31.1775182],[-90.5262912,31.1775518],[-90.5262875,31.177619],[-90.5262709,31.177718],[-90.5262582,31.1777529],[-90.5262453,31.1777701],[-90.526238,31.1777761],[-90.5262194,31.177786],[-90.5261934,31.1777926],[-90.5260113,31.1778128],[-90.5259593,31.1778244],[-90.5259073,31.1778407],[-90.5258814,31.1778526],[-90.5258555,31.1778722],[-90.5258326,31.1779017],[-90.5258169,31.177931],[-90.5258072,31.1779578],[-90.5258008,31.1779915],[-90.5257986,31.1780363],[-90.5258001,31.1781147],[-90.5258062,31.1781594],[-90.5258351,31.1782488],[-90.5258396,31.1782824],[-90.5258378,31.1783048],[-90.5258224,31.1783721],[-90.5258173,31.1784057],[-90.5258118,31.1784841],[-90.5258001,31.1785738],[-90.5257991,31.1785962],[-90.5258013,31.1786186],[-90.5258097,31.1786458],[-90.5258229,31.1786682],[-90.5258393,31.1786855],[-90.5258623,31.1787017],[-90.5259146,31.1787262],[-90.5260713,31.1787825],[-90.5261235,31.1787936],[-90.5262147,31.1788017],[-90.5262798,31.1788017],[-90.5263839,31.1787956]]}},{"type":"Feature","properties":{"id":"depth-16-001","depth_ft":16,"estimated":false,"length_m":293.1,"source_date":"2016-10","source":"MDWFP Lake Tangipahoa depth map","method":"Published depth-band boundary, smoothed using a signed-distance field"},"geometry":{"type":"LineString","coordinates":[[-90.5259416,31.1772546],[-90.5259545,31.1772436],[-90.525966,31.177229],[-90.5259781,31.1772065],[-90.5260147,31.1770943],[-90.526024,31.1770719],[-90.526037,31.1770494],[-90.526059,31.1770269],[-90.5261735,31.1769462],[-90.5262252,31.1769033],[-90.5262381,31.176888],[-90.5262491,31.1768689],[-90.5262595,31.1768353],[-90.5262655,31.1768017],[-90.5262689,31.1767568],[-90.5262683,31.1766337],[-90.5262644,31.1765329],[-90.5262679,31.1764321],[-90.5262722,31.1763985],[-90.526288,31.1763312],[-90.5263039,31.1761631],[-90.5262993,31.1761408],[-90.5262834,31.1761185],[-90.5262182,31.1760545],[-90.5262052,31.1760455],[-90.5261921,31.1760426],[-90.5261791,31.1760482],[-90.5261663,31.1760659],[-90.5261282,31.1761844],[-90.526102,31.1762875],[-90.526082,31.1763996],[-90.5260646,31.1764669],[-90.5260511,31.1765342],[-90.5260005,31.1767025],[-90.5259825,31.176781],[-90.5259413,31.1769268],[-90.525924,31.1770165],[-90.5259032,31.1770838],[-90.5258795,31.1771735],[-90.5258773,31.1772071],[-90.5258844,31.1772295],[-90.5258906,31.1772407],[-90.5259025,31.177254],[-90.5259156,31.1772606],[-90.5259286,31.1772605],[-90.5259416,31.1772546]]}},{"type":"Feature","properties":{"id":"depth-16-002","depth_ft":16,"estimated":false,"length_m":185.3,"source_date":"2016-10","source":"MDWFP Lake Tangipahoa depth map","method":"Published depth-band boundary, smoothed using a signed-distance field"},"geometry":{"type":"LineString","coordinates":[[-90.5268044,31.1760863],[-90.5268304,31.1760732],[-90.5268562,31.1760481],[-90.5269475,31.1759241],[-90.5270162,31.1758453],[-90.5270387,31.1758115],[-90.5270478,31.1757891],[-90.5270525,31.1757667],[-90.5270531,31.1757219],[-90.5270457,31.1756883],[-90.5270348,31.175666],[-90.5270056,31.1756214],[-90.5269816,31.1755767],[-90.5269565,31.1755209],[-90.5269317,31.1754538],[-90.5269171,31.1754315],[-90.5269032,31.1754204],[-90.526877,31.1754123],[-90.526838,31.1754132],[-90.526786,31.1754237],[-90.5267658,31.1754325],[-90.5267493,31.1754438],[-90.5267286,31.1754663],[-90.5267083,31.1755],[-90.5266829,31.175557],[-90.5266374,31.1756796],[-90.5266244,31.1757245],[-90.526618,31.1757581],[-90.5266177,31.1757805],[-90.5266245,31.1758364],[-90.5266319,31.1759484],[-90.5266423,31.1760043],[-90.5266496,31.1760267],[-90.5266558,31.1760378],[-90.526665,31.176049],[-90.5266794,31.1760601],[-90.5267001,31.1760709],[-90.5267263,31.1760811],[-90.5267654,31.1760899],[-90.5267914,31.1760892],[-90.5268044,31.1760863]]}},{"type":"Feature","properties":{"id":"depth-16-003","depth_ft":16,"estimated":false,"length_m":162.7,"source_date":"2016-10","source":"MDWFP Lake Tangipahoa depth map","method":"Published depth-band boundary, smoothed using a signed-distance field"},"geometry":{"type":"LineString","coordinates":[[-90.5262136,31.1786726],[-90.5263698,31.178662],[-90.5264088,31.1786545],[-90.5264657,31.1786369],[-90.5264996,31.1786197],[-90.5265162,31.178603],[-90.526521,31.1785918],[-90.5265221,31.1785806],[-90.5265149,31.1785582],[-90.5265067,31.1785471],[-90.5264859,31.1785287],[-90.5264286,31.1784916],[-90.5263716,31.1784471],[-90.5263079,31.1784027],[-90.5262894,31.178381],[-90.5262593,31.1783358],[-90.5262367,31.1783163],[-90.5262237,31.1783098],[-90.5261976,31.1783034],[-90.5261585,31.1783015],[-90.5260804,31.1783032],[-90.5260543,31.1782982],[-90.5260437,31.1782923],[-90.5260318,31.1782812],[-90.5260149,31.1782553],[-90.5260018,31.1782431],[-90.5259941,31.1782591],[-90.5259891,31.1782861],[-90.5259824,31.1783711],[-90.5259949,31.1784606],[-90.5259996,31.1785614],[-90.5260029,31.1785837],[-90.5260101,31.1786061],[-90.5260242,31.1786284],[-90.5260357,31.1786395],[-90.5260572,31.1786533],[-90.5260781,31.1786617],[-90.5261094,31.1786697],[-90.5261485,31.1786746],[-90.5262136,31.1786726]]}},{"type":"Feature","properties":{"id":"depth-16-004","depth_ft":16,"estimated":false,"length_m":156.4,"source_date":"2016-10","source":"MDWFP Lake Tangipahoa depth map","method":"Published depth-band boundary, smoothed using a signed-distance field"},"geometry":{"type":"LineString","coordinates":[[-90.5274251,31.1755562],[-90.5274381,31.1755505],[-90.5274512,31.1755403],[-90.5274639,31.1755239],[-90.5274767,31.1754957],[-90.527519,31.1753495],[-90.527529,31.1752934],[-90.5275309,31.1752598],[-90.5275295,31.1752374],[-90.5275232,31.1752039],[-90.5274939,31.1751145],[-90.5274747,31.175025],[-90.5274668,31.1750027],[-90.5274595,31.1749892],[-90.5274464,31.1749743],[-90.5274333,31.1749659],[-90.5274202,31.1749616],[-90.5274072,31.1749606],[-90.5273942,31.1749621],[-90.5273682,31.1749705],[-90.5273164,31.1749987],[-90.5273034,31.1750088],[-90.5272905,31.1750229],[-90.5272781,31.1750486],[-90.5272731,31.1750934],[-90.5272854,31.1752277],[-90.5272865,31.1753509],[-90.5272829,31.1754629],[-90.5272916,31.1755188],[-90.5272949,31.17553],[-90.5273079,31.1755508],[-90.5273209,31.1755559],[-90.52736,31.1755535],[-90.5273991,31.1755588],[-90.5274251,31.1755562]]}},{"type":"Feature","properties":{"id":"depth-16-005","depth_ft":16,"estimated":false,"length_m":67.7,"source_date":"2016-10","source":"MDWFP Lake Tangipahoa depth map","method":"Published depth-band boundary, smoothed using a signed-distance field"},"geometry":{"type":"LineString","coordinates":[[-90.5259621,31.1781705],[-90.5259751,31.1781685],[-90.5259848,31.1781583],[-90.5259976,31.1781247],[-90.5260031,31.1780798],[-90.5260009,31.1780463],[-90.5259966,31.1780239],[-90.5259856,31.1779904],[-90.5259735,31.17797],[-90.5259612,31.1779569],[-90.5259473,31.1779469],[-90.5259342,31.1779411],[-90.5259211,31.1779382],[-90.5259081,31.1779383],[-90.5258864,31.1779462],[-90.5258717,31.1779575],[-90.5258564,31.1779769],[-90.5258493,31.1779912],[-90.5258426,31.1780136],[-90.5258399,31.178036],[-90.5258396,31.1780696],[-90.5258435,31.1781032],[-90.5258513,31.1781255],[-90.5258577,31.1781362],[-90.5258708,31.1781491],[-90.5258839,31.1781565],[-90.52591,31.1781639],[-90.5259621,31.1781705]]}},{"type":"Feature","properties":{"id":"depth-16-006","depth_ft":16,"estimated":false,"length_m":53.7,"source_date":"2016-10","source":"MDWFP Lake Tangipahoa depth map","method":"Published depth-band boundary, smoothed using a signed-distance field"},"geometry":{"type":"LineString","coordinates":[[-90.5273528,31.1778593],[-90.5273658,31.1778562],[-90.5273832,31.1778475],[-90.5273938,31.1778362],[-90.5273987,31.177825],[-90.5274008,31.1778138],[-90.5273986,31.1777914],[-90.5273912,31.1777738],[-90.5273794,31.1777579],[-90.5273518,31.1777365],[-90.5273262,31.1777247],[-90.5273126,31.1777207],[-90.5272865,31.1777186],[-90.5272735,31.1777207],[-90.5272476,31.1777323],[-90.5272287,31.1777476],[-90.5272189,31.1777589],[-90.5272083,31.1777814],[-90.5272078,31.1777926],[-90.5272105,31.1778037],[-90.5272223,31.1778223],[-90.5272485,31.1778444],[-90.5272746,31.1778557],[-90.5273138,31.1778614],[-90.5273528,31.1778593]]}},{"type":"Feature","properties":{"id":"depth-16-007","depth_ft":16,"estimated":false,"length_m":34.6,"source_date":"2016-10","source":"MDWFP Lake Tangipahoa depth map","method":"Published depth-band boundary, smoothed using a signed-distance field"},"geometry":{"type":"LineString","coordinates":[[-90.5267012,31.1777878],[-90.5267141,31.1777794],[-90.5267268,31.1777619],[-90.5267302,31.1777507],[-90.526731,31.1777283],[-90.5267248,31.1777059],[-90.5267134,31.1776853],[-90.5267002,31.1776722],[-90.5266872,31.1776681],[-90.5266742,31.1776724],[-90.5266613,31.1776855],[-90.5266484,31.1777084],[-90.5266427,31.1777288],[-90.5266421,31.17774],[-90.5266474,31.1777624],[-90.5266621,31.1777816],[-90.5266751,31.177789],[-90.5266882,31.1777908],[-90.5267012,31.1777878]]}}]}
